2736690.0,2736690.0,2736690.0,2736690.0,2736690.0,2736690.0,2736690.0,2736690.0,2736690.0,2736690.0,2736690.0,2736690.0,2736690.0,2736690.0,2736690.0,2736690.0,2736690.0,2736690.0,2736690.0,2736690.0,2736690.0,2736690.0,2736690.0,2736690.0,2736690.0,2736690.0,2736690.0,2736690.0,2736690.0,2736690.0,2736690.0,2736690.0,2736690.0,2736690.0,2736690.0,2736690.0,2736690.0,2736690.0,2736690.0,2736690.0,2736690.0,2736690.0,2736690.0,2736690.0,2736690.0,2736690.0,2736690.0,2736690.0,2736690.0,2736690.0,2736690.0,2736690.0,2736690.0,2736690.0,2736690.0,2736690.0,2736690.0,2736690.0,2736690.0,2736690.0,2736690.0
7682300.0,7682300.0,7682300.0,7682300.0,7682300.0,7682300.0,7682300.0,7682300.0,7682300.0,7682300.0,7682300.0,7682300.0,7682300.0,7682300.0,7682300.0,7682300.0,7682300.0,7682300.0,7682300.0,7682300.0,7682300.0,7682300.0,7682300.0,7682300.0,7682300.0,7682300.0,7682300.0,7682300.0,7682300.0,7682300.0,7682300.0,7682300.0,7682300.0,7682300.0,7682300.0,7682300.0,7682300.0,7682300.0,7682300.0,7682300.0,7682300.0,7682300.0,7682300.0,7682300.0,7682300.0,7682300.0,7682300.0,7682300.0,7682300.0,7682300.0,7682300.0,7682300.0,7682300.0,7682300.0,7682300.0,7692020.0,7692020.0,7692020.0,7692020.0,7692020.0,7692020.0
82520.0,82520.0,82520.0,82520.0,82520.0,82520.0,82520.0,82520.0,82520.0,82520.0,82520.0,82520.0,82520.0,82520.0,82520.0,82520.0,82520.0,82520.0,82520.0,82520.0,82520.0,82520.0,82520.0,82520.0,82520.0,82520.0,82520.0,82520.0,82520.0,82520.0,82520.0,82520.0,82520.0,82520.0,82520.0,82520.0,82520.0,82520.0,82520.0,82520.0,82520.0,82520.0,82520.0,82520.0,82520.0,82520.0,82520.0,82520.0,82520.0,82520.0,82520.0,82520.0,82520.0,82520.0,82520.0,82520.0,82520.0,82520.0,82520.0,82520.0,82520.0
25680.0,25680.0,25680.0,25680.0,25680.0,25680.0,25680.0,25680.0,25680.0,25680.0,25680.0,25680.0,25680.0,25680.0,25680.0,25680.0,25680.0,25680.0,25680.0,25680.0,25680.0,25680.0,25680.0,25680.0,25680.0,25680.0,25680.0,25680.0,25680.0,25680.0,25680.0,25680.0,25680.0,25680.0,25680.0,25680.0,25680.0,25680.0,25680.0,25680.0,25680.0,25680.0,25680.0,25680.0,25680.0,25680.0,25680.0,25680.0,25680.0,25680.0,25680.0,25680.0,25680.0,25680.0,25680.0,25680.0,25680.0,25680.0,25680.0,25680.0,25680.0
nan,nan,nan,nan,nan,nan,nan,nan,nan,nan,nan,nan,nan,nan,nan,nan,nan,nan,nan,nan,nan,nan,nan,nan,nan,nan,nan,nan,nan,nan,nan,nan,nan,nan,nan,nan,nan,nan,nan,30280.0,30280.0,30280.0,30280.0,30280.0,30280.0,30280.0,30280.0,30280.0,30280.0,30280.0,30280.0,30280.0,30280.0,30280.0,30280.0,30280.0,30280.0,30280.0,30280.0,30280.0,30280.0
112760.0,112760.0,112760.0,112760.0,112760.0,112760.0,112760.0,112760.0,112760.0,112760.0,112760.0,112760.0,112760.0,112760.0,112760.0,112760.0,112760.0,112760.0,112760.0,112760.0,112760.0,112760.0,112760.0,112760.0,112760.0,112760.0,112760.0,112760.0,112760.0,112760.0,112760.0,112760.0,112760.0,112760.0,112760.0,112760.0,112760.0,112760.0,112760.0,112760.0,112760.0,112760.0,112760.0,112760.0,112760.0,112760.0,112760.0,112760.0,112760.0,112760.0,112760.0,112760.0,112760.0,112760.0,112760.0,112760.0,112760.0,112760.0,112760.0,112760.0,112760.0
273600.0,273600.0,273600.0,273600.0,273600.0,273600.0,273600.0,273600.0,273600.0,273600.0,273600.0,273600.0,273600.0,273600.0,273600.0,273600.0,273600.0,273600.0,273600.0,273600.0,273600.0,273600.0,273600.0,273600.0,273600.0,273600.0,273600.0,273600.0,273600.0,273600.0,273600.0,273600.0,273600.0,273600.0,273600.0,273600.0,273600.0,273600.0,273600.0,273600.0,273600.0,273600.0,273600.0,273600.0,273600.0,273600.0,273600.0,273600.0,273600.0,273600.0,273600.0,273600.0,273600.0,273600.0,273600.0,273600.0,273600.0,273600.0,273600.0,273600.0,273600.0
130170.0,130170.0,130170.0,130170.0,130170.0,130170.0,130170.0,130170.0,130170.0,130170.0,130170.0,130170.0,130170.0,130170.0,130170.0,130170.0,130170.0,130170.0,130170.0,130170.0,130170.0,130170.0,130170.0,130170.0,130170.0,130170.0,130170.0,130170.0,130170.0,130170.0,130170.0,130170.0,130170.0,130170.0,130170.0,130170.0,130170.0,130170.0,130170.0,130170.0,130170.0,130170.0,130170.0,130170.0,130170.0,130170.0,130170.0,130170.0,130170.0,130170.0,130170.0,130170.0,130170.0,130170.0,130170.0,130170.0,130170.0,130170.0,130170.0,130170.0,130170.0
110630.0,110630.0,110630.0,110630.0,110630.0,110630.0,110630.0,110630.0,110630.0,110630.0,110630.0,110630.0,110630.0,110630.0,110630.0,110630.0,110630.0,110630.0,110630.0,110630.0,110630.0,110630.0,110630.0,110630.0,110630.0,110630.0,110630.0,110630.0,110630.0,110630.0,110630.0,110630.0,110630.0,110630.0,110630.0,110630.0,110630.0,110630.0,110630.0,110630.0,110630.0,108800.0,108770.0,108760.0,108640.0,108630.0,108610.0,108610.0,108560.0,108560.0,108560.0,108560.0,108560.0,108560.0,108560.0,108560.0,108560.0,108560.0,108560.0,108560.0,108560.0
nan,nan,nan,nan,nan,nan,nan,nan,nan,nan,nan,nan,nan,nan,nan,nan,nan,nan,nan,nan,nan,nan,nan,nan,nan,nan,nan,nan,nan,nan,nan,51200.0,51200.0,51200.0,51200.0,51200.0,51200.0,51200.0,51200.0,51200.0,51200.0,51200.0,51200.0,51200.0,51200.0,51200.0,51200.0,51200.0,51200.0,51200.0,51200.0,51200.0,51200.0,51200.0,51200.0,51200.0,51200.0,51200.0,51200.0,51200.0,51200.0
1083300.0,1083300.0,1083300.0,1083300.0,1083300.0,1083300.0,1083300.0,1083300.0,1083300.0,1083300.0,1083300.0,1083300.0,1083300.0,1083300.0,1083300.0,1083300.0,1083300.0,1083300.0,1083300.0,1083300.0,1083300.0,1083300.0,1083300.0,1083300.0,1083300.0,1083300.0,1083300.0,1083300.0,1083300.0,1083300.0,1083300.0,1083300.0,1083300.0,1083300.0,1083300.0,1083300.0,1083300.0,1083300.0,1083300.0,1083300.0,1083300.0,1083300.0,1083300.0,1083300.0,1083300.0,1083300.0,1083300.0,1083300.0,1083300.0,1083300.0,1083300.0,1083300.0,1083300.0,1083300.0,1083300.0,1083300.0,1083300.0,1083300.0,1083300.0,1083300.0,1083300.0
8358140.0,8358140.0,8358140.0,8358140.0,8358140.0,8358140.0,8358140.0,8358140.0,8358140.0,8358140.0,8358140.0,8358140.0,8358140.0,8358140.0,8358140.0,8358140.0,8358140.0,8358140.0,8358140.0,8358140.0,8358140.0,8358140.0,8358140.0,8358140.0,8358140.0,8358140.0,8358140.0,8358140.0,8358140.0,8358140.0,8358140.0,8358140.0,8358140.0,8358140.0,8358140.0,8358140.0,8358140.0,8358140.0,8358140.0,8358140.0,8358140.0,8358140.0,8358140.0,8358140.0,8358140.0,8358140.0,8358140.0,8358140.0,8358140.0,8358140.0,8358140.0,8358140.0,8358140.0,8358140.0,8358140.0,8358140.0,8358140.0,8358140.0,8358140.0,8358140.0,8358140.0
622980.0,622980.0,622980.0,622980.0,622980.0,622980.0,622980.0,622980.0,622980.0,622980.0,622980.0,622980.0,622980.0,622980.0,622980.0,622980.0,622980.0,622980.0,622980.0,622980.0,622980.0,622980.0,622980.0,622980.0,622980.0,622980.0,622980.0,622980.0,622980.0,622980.0,622980.0,622980.0,622980.0,622980.0,622980.0,622980.0,622980.0,622980.0,622980.0,622980.0,622980.0,622980.0,622980.0,622980.0,622980.0,622980.0,622980.0,622980.0,622980.0,622980.0,622980.0,622980.0,622980.0,622980.0,622980.0,622980.0,622980.0,622980.0,622980.0,622980.0,622980.0
8965590.0,8965590.0,8965590.0,8965590.0,8965590.0,8965590.0,8965590.0,8965590.0,8965590.0,8965590.0,8965590.0,8965590.0,8965590.0,8965590.0,8965590.0,8965590.0,8965590.0,8965590.0,8965590.0,8965590.0,8965590.0,8965590.0,8965590.0,8965590.0,8965590.0,8965590.0,8965590.0,8965590.0,8965590.0,8965590.0,8965590.0,8965590.0,8965590.0,8965590.0,8965590.0,8965590.0,8965590.0,8965590.0,8965590.0,8965590.0,8965590.0,8965590.0,8965590.0,8965590.0,8965590.0,8965590.0,8965590.0,8965590.0,8965590.0,8965590.0,8965590.0,8965590.0,8965590.0,8965590.0,8965590.0,8965590.0,8965590.0,8965590.0,8965590.0,8965590.0,8788700.0
39528.0,39528.0,39528.0,39528.0,39528.0,39528.0,39528.0,39528.0,39528.0,39528.0,39528.0,39528.0,39528.0,39528.0,39528.0,39528.0,39528.0,39528.0,39528.71,39528.71,39528.71,39528.71,39528.71,39528.79,39528.87,39528.95,39529.03,39529.11,39529.19,39529.27,39529.35,39529.43,39529.51,39529.59,39529.67,39528.454,39527.237,39526.019,39524.8,39523.581,39522.36,39521.139,39519.917,39518.694,39517.47,39516.245,39515.02,39514.422,39513.824,39513.225,39512.626,39512.028,39511.428,39510.829,39510.23,39509.63,39509.63,39509.63,39509.63,39509.63,39509.63
743532.0,743532.0,743532.0,743532.0,743532.0,743532.0,743532.0,743532.0,743532.0,743532.0,743532.0,743532.0,743532.0,743532.0,743532.0,743532.0,743532.0,743532.0,743532.0,743532.0,743532.0,743532.0,743532.0,743532.0,743532.0,743532.0,743532.0,743532.0,743532.0,743532.0,743532.0,743532.0,743532.0,743532.0,743532.0,743532.0,743532.0,743532.0,743532.0,743532.0,743532.0,743532.0,743532.0,743532.0,743532.0,743532.0,743532.0,743532.0,743532.0,743532.0,743532.0,743532.0,743532.0,743532.0,743532.0,743532.0,743532.0,743532.0,743532.0,743532.0,743532.0
9388250.0,9388250.0,9388250.0,9388250.0,9388250.0,9388250.0,9388250.0,9388250.0,9388250.0,9388250.0,9388250.0,9388250.0,9388250.0,9388250.0,9388250.0,9388250.0,9388250.0,9388250.0,9388250.0,9388250.0,9388250.0,9388250.0,9388250.0,9388250.0,9388250.0,9388250.0,9388250.0,9388250.0,9388250.0,9388250.0,9388250.0,9388250.0,9388250.0,9388250.0,9388240.0,9388230.0,9388230.0,9388230.0,9388230.0,9388220.0,9388214.2,9388213.2,9388212.7,9388212.5,9388211.8,9388211.4,9388210.8,9388210.8,9388211.0,9388211.0,9388211.0,9388211.0,9388211.0,9388211.0,9388211.0,9388210.0,9388210.0,9388210.0,9388210.0,9388210.0,9388210.0
318000.0,318000.0,318000.0,318000.0,318000.0,318000.0,318000.0,318000.0,318000.0,318000.0,318000.0,318000.0,318000.0,318000.0,318000.0,318000.0,318000.0,318000.0,318000.0,318000.0,318000.0,318000.0,318000.0,318000.0,318000.0,318000.0,318000.0,318000.0,318000.0,318000.0,318000.0,318000.0,318000.0,318000.0,318000.0,318000.0,318000.0,318000.0,318000.0,318000.0,318000.0,318000.0,318000.0,318000.0,318000.0,318000.0,318000.0,318000.0,318000.0,318000.0,318000.0,318000.0,318000.0,318000.0,318000.0,318000.0,318000.0,318000.0,318000.0,318000.0,318000.0
472710.0,472710.0,472710.0,472710.0,472710.0,472710.0,472710.0,472710.0,472710.0,472710.0,472710.0,472710.0,472710.0,472710.0,472710.0,472710.0,472710.0,472710.0,472710.0,472710.0,472710.0,472710.0,472710.0,472710.0,472710.0,472710.0,472710.0,472710.0,472710.0,472710.0,472710.0,472710.0,472710.0,472710.0,472710.0,472710.0,472710.0,472710.0,472710.0,472710.0,472710.0,472710.0,472710.0,472710.0,472710.0,472710.0,472710.0,472710.0,472710.0,472710.0,472710.0,472710.0,472710.0,472710.0,472710.0,472710.0,472710.0,472710.0,472710.0,472710.0,472710.0
2267050.0,2267050.0,2267050.0,2267050.0,2267050.0,2267050.0,2267050.0,2267050.0,2267050.0,2267050.0,2267050.0,2267050.0,2267050.0,2267050.0,2267050.0,2267050.0,2267050.0,2267050.0,2267050.0,2267050.0,2267050.0,2267050.0,2267050.0,2267050.0,2267050.0,2267050.0,2267050.0,2267050.0,2267050.0,2267050.0,2267050.0,2267050.0,2267050.0,2267050.0,2267050.0,2267050.0,2267050.0,2267050.0,2267050.0,2267050.0,2267050.0,2267050.0,2267050.0,2267050.0,2267050.0,2267050.0,2267050.0,2267050.0,2267050.0,2267050.0,2267050.0,2267050.0,2267050.0,2267050.0,2267050.0,2267050.0,2267050.0,2267050.0,2267050.0,2267050.0,2267050.0
341500.0,341500.0,341500.0,341500.0,341500.0,341500.0,341500.0,341500.0,341500.0,341500.0,341500.0,341500.0,341500.0,341500.0,341500.0,341500.0,341500.0,341500.0,341500.0,341500.0,341500.0,341500.0,341500.0,341500.0,341500.0,341500.0,341500.0,341500.0,341500.0,341500.0,341500.0,341500.0,341500.0,341500.0,341500.0,341500.0,341500.0,341500.0,341500.0,341500.0,341500.0,341500.0,341500.0,341500.0,341500.0,341500.0,341500.0,341500.0,341500.0,341500.0,341500.0,341500.0,341500.0,341500.0,341500.0,341500.0,341500.0,341500.0,341500.0,341500.0,341500.0
1109500.0,1109500.0,1109500.0,1109500.0,1109500.0,1109500.0,1109500.0,1109500.0,1109500.0,1109500.0,1109500.0,1109500.0,1109500.0,1109500.0,1109500.0,1109500.0,1109500.0,1109500.0,1109500.0,1109500.0,1109500.0,1109500.0,1109500.0,1109500.0,1109500.0,1109500.0,1109500.0,1109500.0,1109500.0,1109500.0,1109500.0,1109500.0,1109500.0,1109500.0,1109500.0,1109500.0,1109500.0,1109500.0,1109500.0,1109500.0,1109500.0,1109500.0,1109500.0,1109500.0,1109500.0,1109500.0,1109500.0,1109500.0,1109500.0,1109500.0,1109500.0,1109500.0,1109500.0,1109500.0,1109500.0,1109500.0,1109500.0,1109500.0,1109500.0,1109500.0,1109500.0
51060.0,51060.0,51060.0,51060.0,51060.0,51060.0,51060.0,51060.0,51060.0,51060.0,51060.0,51060.0,51060.0,51060.0,51060.0,51060.0,51060.0,51060.0,51060.0,51060.0,51060.0,51060.0,51060.0,51060.0,51060.0,51060.0,51060.0,51060.0,51060.0,51060.0,51060.0,51060.0,51060.0,51060.0,51060.0,51060.0,51060.0,51060.0,51060.0,51060.0,51060.0,51060.0,51060.0,51060.0,51060.0,51060.0,51060.0,51060.0,51060.0,51060.0,51060.0,51060.0,51060.0,51060.0,51060.0,51060.0,51060.0,51060.0,51060.0,51060.0,51060.0
349130.0,349130.0,349130.0,349130.0,349130.0,349130.0,349130.0,349130.0,349130.0,349130.0,349130.0,349130.0,349130.0,349130.0,349130.0,349130.0,349130.0,349130.0,349130.0,349130.0,349130.0,349130.0,349130.0,349130.0,349130.0,349130.0,349130.0,349130.0,349130.0,349130.0,349130.0,349130.0,349120.0,349110.0,349100.0,349090.0,349050.0,349020.0,348980.0,348950.0,348900.0,348860.0,348810.0,348770.0,348760.0,348720.0,348670.0,348630.0,348610.0,348570.0,348560.0,348540.0,348880.0,348900.0,348860.0,349360.0,349370.0,349380.0,349390.0,349390.0,349390.0
40000.0,40000.0,40000.0,40000.0,40000.0,40000.0,40000.0,40000.0,40000.0,40000.0,40000.0,40000.0,40000.0,40000.0,40000.0,40000.0,40000.0,40000.0,40000.0,40000.0,40000.0,40000.0,40000.0,40000.0,40000.0,40000.0,40000.0,40000.0,40000.0,40000.0,40000.0,40000.0,40000.0,40000.0,40000.0,40000.0,40000.0,40000.0,40000.0,40000.0,40000.0,40000.0,40000.0,40000.0,40000.0,40000.0,40000.0,40000.0,40000.0,40000.0,40000.0,40000.0,40000.0,40000.0,40000.0,40000.0,40000.0,40000.0,40000.0,40000.0,40000.0
48310.0,48310.0,48310.0,48310.0,48310.0,48310.0,48310.0,48310.0,48310.0,48310.0,48310.0,48310.0,48310.0,48310.0,48310.0,48310.0,48310.0,48310.0,48310.0,48310.0,48310.0,48310.0,48310.0,48310.0,48310.0,48310.0,48310.0,48310.0,48310.0,48310.0,48310.0,48310.0,48310.0,48310.0,48310.0,48310.0,48310.0,48310.0,48310.0,48310.0,48310.0,48310.0,48310.0,48310.0,48310.0,48310.0,48310.0,48310.0,48310.0,48310.0,48310.0,48310.0,48310.0,48310.0,48310.0,48310.0,48310.0,48310.0,47531.0,47531.0,47531.0
2381740.0,2381740.0,2381740.0,2381740.0,2381740.0,2381740.0,2381740.0,2381740.0,2381740.0,2381740.0,2381740.0,2381740.0,2381740.0,2381740.0,2381740.0,2381740.0,2381740.0,2381740.0,2381740.0,2381740.0,2381740.0,2381740.0,2381740.0,2381740.0,2381740.0,2381740.0,2381740.0,2381740.0,2381740.0,2381740.0,2381740.0,2381740.0,2381740.0,2381740.0,2381740.0,2381740.0,2381740.0,2381740.0,2381740.0,2381740.0,2381740.0,2381740.0,2381740.0,2381740.0,2381740.0,2381740.0,2381740.0,2381740.0,2381740.0,2381740.0,2381740.0,2381740.0,2381740.0,2381740.0,2381741.0,2381741.0,2381741.0,2381741.0,2381741.0,2381741.0,2381741.0
276840.0,276840.0,276840.0,276840.0,276840.0,276840.0,276840.0,276840.0,276840.0,276840.0,276840.0,276840.0,276840.0,276840.0,276840.0,276840.0,276840.0,276840.0,276840.0,276840.0,276840.0,276840.0,276840.0,276840.0,276840.0,276840.0,276840.0,276840.0,276840.0,276840.0,276840.0,276840.0,276840.0,276840.0,276840.0,276840.0,276840.0,248360.0,248360.0,248360.0,248360.0,248360.0,248360.0,248360.0,248360.0,248360.0,248360.0,248360.0,248360.0,248360.0,248360.0,248360.0,248360.0,248360.0,248360.0,248360.0,248360.0,248360.0,248360.0,248360.0,248360.0
995450.0,995450.0,995450.0,995450.0,995450.0,995450.0,995450.0,995450.0,995450.0,995450.0,995450.0,995450.0,995450.0,995450.0,995450.0,995450.0,995450.0,995450.0,995450.0,995450.0,995450.0,995450.0,995450.0,995450.0,995450.0,995450.0,995450.0,995450.0,995450.0,995450.0,995450.0,995450.0,995450.0,995450.0,995450.0,995450.0,995450.0,995450.0,995450.0,995450.0,995450.0,995450.0,995450.0,995450.0,995450.0,995450.0,995450.0,995450.0,995450.0,995450.0,995450.0,995450.0,995450.0,995450.0,995450.0,995450.0,995450.0,995450.0,995450.0,995450.0,995450.0
499780.0,499780.0,499780.0,499780.0,499780.0,499780.0,499780.0,499780.0,499780.0,499780.0,499780.0,499780.0,499780.0,499750.0,499630.0,499570.0,499540.0,499530.0,499540.0,499470.0,499460.0,499460.0,499430.0,499440.0,499440.0,499440.0,499440.0,499440.0,499440.0,499440.0,499440.0,499440.0,499440.0,499440.0,499440.0,499440.0,499440.0,499440.0,499440.0,499000.0,498520.0,499040.0,499210.0,499180.0,499090.0,498980.0,499110.0,498800.0,498660.0,500010.0,499880.0,500210.0,500210.0,500210.0,499661.0,499564.0,499547.35,499603.479,499570.036,499556.645,499733.244
1101000.0,1101000.0,1101000.0,1101000.0,1101000.0,1101000.0,1101000.0,1101000.0,1101000.0,1101000.0,1101000.0,1101000.0,1101000.0,1101000.0,1101000.0,1101000.0,1101000.0,1101000.0,1101000.0,1101000.0,1101000.0,1101000.0,1101000.0,1101000.0,1101000.0,1101000.0,1101000.0,1101000.0,1101000.0,1101000.0,1101000.0,1101000.0,1000000.0,1000000.0,1000000.0,1000000.0,1000000.0,1000000.0,1000000.0,1000000.0,1000000.0,1000000.0,1000000.0,1128597.297,1128599.766,1128613.221,1128631.059,1128568.396,1128588.692,1128570.952,1128575.061,1128582.022,1128572.048,1128538.282,1128539.353,1128558.509,1128552.82,1128561.429,1128570.858,1128571.265,1128571.265
304590.0,304590.0,304590.0,304590.0,304590.0,304590.0,304590.0,304590.0,304590.0,304590.0,304590.0,304590.0,304590.0,304590.0,304590.0,304590.0,304590.0,304590.0,304590.0,304590.0,304590.0,304590.0,304590.0,304590.0,304590.0,304590.0,304590.0,304590.0,304590.0,304590.0,304590.0,304590.0,304590.0,304590.0,304590.0,304590.0,304590.0,304590.0,304590.0,304590.0,304590.0,304590.0,304590.0,304590.0,304590.0,304110.0,304090.0,303900.0,303900.0,303900.0,303890.0,303890.0,303890.0,303890.0,303910.0,303910.0,303920.0,303920.0,303930.0,303940.0,303947.7
547566.0,547566.0,547566.0,547566.0,547566.0,547566.0,547566.0,547566.0,547566.0,547566.0,547566.0,547566.0,547566.0,547566.0,547566.0,547566.0,547566.0,547566.0,547566.0,547566.0,547566.0,547566.0,547566.0,547566.0,547566.0,547566.0,547566.0,547566.0,547566.0,547566.0,547566.0,547566.0,547566.0,547566.0,547566.0,547566.0,547566.0,547566.0,547566.0,547567.0,547567.0,547567.0,547867.0,547567.0,547557.0,547557.0,547557.0,547557.0,547557.0,547557.0,547557.0,547557.0,547557.0,547557.0,547557.0,547557.0,547557.0,547557.0,547557.0,547557.0,547557.0
241930.0,241930.0,241930.0,241930.0,241930.0,241930.0,241930.0,241930.0,241930.0,241930.0,241930.0,241930.0,241930.0,241930.0,241930.0,241930.0,241930.0,241930.0,241930.0,241930.0,241930.0,241930.0,241930.0,241930.0,241930.0,241930.0,241930.0,241930.0,241930.0,241930.0,241930.0,241930.0,241930.0,241930.0,241930.0,241930.0,241930.0,241930.0,241930.0,241930.0,241930.0,241930.0,241930.0,241930.0,241930.0,241930.0,241930.0,241930.0,241930.0,241930.0,241930.0,241930.0,241930.0,241930.0,241930.0,241930.0,241930.0,241930.0,241930.0,241930.0,241930.0
227540.0,227540.0,227540.0,227540.0,227540.0,227540.0,227540.0,227540.0,227540.0,227540.0,227540.0,227540.0,227540.0,227540.0,227540.0,227540.0,227540.0,227540.0,227540.0,227540.0,227540.0,227540.0,227540.0,227540.0,227540.0,227540.0,227540.0,227540.0,227540.0,227540.0,227540.0,227540.0,227540.0,227540.0,227540.0,227540.0,227540.0,227540.0,227540.0,227540.0,227540.0,227540.0,227540.0,227540.0,227540.0,227540.0,227540.0,227540.0,227540.0,227540.0,227540.0,227540.0,227540.0,227540.0,227540.0,227540.0,227540.0,227540.0,227540.0,227533.0,227533.0
245720.0,245720.0,245720.0,245720.0,245720.0,245720.0,245720.0,245720.0,245720.0,245720.0,245720.0,245720.0,245720.0,245720.0,245720.0,245720.0,245720.0,245720.0,245720.0,245720.0,245720.0,245720.0,245720.0,245720.0,245720.0,245720.0,245720.0,245720.0,245720.0,245720.0,245720.0,245720.0,245720.0,245720.0,245720.0,245720.0,245720.0,245720.0,245720.0,245720.0,245720.0,245720.0,245720.0,245720.0,245720.0,245720.0,245720.0,245720.0,245720.0,245720.0,245720.0,245720.0,245720.0,245720.0,245720.0,245720.0,245720.0,245720.0,245720.0,245720.0,245720.0
128900.0,128900.0,128900.0,128900.0,128900.0,128900.0,128900.0,128900.0,128900.0,128900.0,128900.0,128900.0,128900.0,128900.0,128900.0,128900.0,128900.0,128900.0,128900.0,128900.0,128900.0,128900.0,128900.0,128900.0,128900.0,128900.0,128900.0,128900.0,128900.0,128900.0,128900.0,128900.0,128900.0,128900.0,128900.0,128900.0,128900.0,128900.0,128900.0,128900.0,128900.0,128900.0,128900.0,128900.0,128900.0,128900.0,128900.0,128900.0,128900.0,128900.0,128900.0,128900.0,128900.0,128900.0,128900.0,128900.0,128900.0,128900.0,128900.0,128900.0,128900.0
107160.0,107160.0,107160.0,107160.0,107160.0,107160.0,107160.0,107160.0,107160.0,107160.0,107160.0,107160.0,107160.0,107160.0,107160.0,107160.0,107160.0,107160.0,107160.0,107160.0,107160.0,107160.0,107160.0,107160.0,107160.0,107160.0,107160.0,107160.0,107160.0,107160.0,107160.0,107160.0,107160.0,107160.0,107160.0,107160.0,107160.0,107160.0,107160.0,107160.0,107160.0,107160.0,107160.0,107160.0,107160.0,107160.0,107160.0,107160.0,107160.0,107160.0,107160.0,107160.0,107160.0,107160.0,107160.0,107160.0,107160.0,107160.0,107160.0,107160.0,107160.0
1020.0,1020.0,1020.0,1020.0,1020.0,1020.0,1020.0,1020.0,1020.0,1020.0,1020.0,1020.0,1020.0,1020.0,1010.0,1010.0,1000.0,1000.0,1000.0,1000.0,1000.0,990.0,990.0,990.0,990.0,990.0,990.0,990.0,990.0,990.0,990.0,990.0,990.0,990.0,1050.0,1050.0,1050.0,1050.0,1050.0,1050.0,1050.0,1050.0,1050.0,1050.0,1050.0,1050.0,1050.0,1050.0,1050.0,1050.0,1050.0,1050.0,1050.0,1050.0,1050.0,1050.0,1050.0,1050.0,1050.0,1050.0,1050.0
111890.0,111890.0,111890.0,111890.0,111890.0,111890.0,111890.0,111890.0,111890.0,111890.0,111890.0,111890.0,111890.0,111890.0,111890.0,111890.0,111890.0,111890.0,111890.0,111890.0,111890.0,111890.0,111890.0,111890.0,111890.0,111890.0,111890.0,111890.0,111890.0,111890.0,111890.0,111890.0,111890.0,111890.0,111890.0,111890.0,111890.0,111890.0,111890.0,111890.0,111890.0,111890.0,111890.0,111890.0,111890.0,111890.0,111890.0,111890.0,111890.0,111890.0,111890.0,111890.0,111890.0,111890.0,111890.0,111890.0,111890.0,111890.0,111890.0,111890.0,111890.0
nan,nan,nan,nan,nan,nan,nan,nan,nan,nan,nan,nan,nan,nan,nan,nan,nan,nan,nan,nan,nan,nan,nan,nan,nan,nan,nan,nan,nan,nan,nan,55910.0,55910.0,55910.0,55910.0,55980.0,55980.0,55910.0,55910.0,55912.0,55912.0,55912.0,55964.0,55964.0,55964.0,55964.0,55964.0,55964.0,55964.0,55964.0,55964.0,55964.0,55964.0,55964.0,55964.0,55964.0,55964.0,55964.0,55964.0,55960.0,55960.0
27560.0,27560.0,27560.0,27560.0,27560.0,27560.0,27560.0,27560.0,27560.0,27560.0,27560.0,27560.0,27560.0,27560.0,27560.0,27560.0,27560.0,27560.0,27560.0,27560.0,27560.0,27560.0,27560.0,27560.0,27560.0,27560.0,27560.0,27560.0,27560.0,27560.0,27560.0,27560.0,27560.0,27560.0,27560.0,27560.0,27560.0,27560.0,27560.0,27560.0,27560.0,27560.0,27560.0,27560.0,27560.0,27560.0,27560.0,27560.0,27560.0,27560.0,27560.0,27560.0,27560.0,27560.0,27560.0,27560.0,27560.0,27560.0,27560.0,27560.0,27560.0
90040.0,90020.0,90030.0,90030.0,90020.0,90010.0,90000.0,89990.0,89990.0,89980.0,89970.0,89970.0,89970.0,89970.0,89970.0,89950.0,89960.0,89970.0,89920.0,89910.0,89900.0,89890.0,89880.0,89880.0,89880.0,89880.0,89880.0,89870.0,89870.0,89870.0,89870.0,89870.0,89860.0,89860.0,89860.0,89860.0,89800.0,89800.0,89800.0,89620.0,89620.0,89620.0,89620.0,89620.0,89610.0,89610.0,89610.0,89610.0,90530.0,90530.0,90530.0,90530.0,90530.0,91260.0,91260.0,91260.0,91260.0,91260.0,91260.0,91260.0,91260.0
1811570.0,1811570.0,1811570.0,1811570.0,1811570.0,1811570.0,1811570.0,1811570.0,1811570.0,1811570.0,1811570.0,1811570.0,1811570.0,1811570.0,1811570.0,1811570.0,1811570.0,1811570.0,1811570.0,1811570.0,1811570.0,1811570.0,1811570.0,1811570.0,1811570.0,1811570.0,1811570.0,1811570.0,1811570.0,1811570.0,1811570.0,1811570.0,1811570.0,1811570.0,1811570.0,1811570.0,1811570.0,1811570.0,1811570.0,1877519.0,1877519.0,1877519.0,1877519.0,1877519.0,1877519.0,1877519.0,1877519.0,1877519.0,1877519.0,1877519.0,1877519.0,1877519.0,1877519.0,1877519.0,1877519.0,1877519.0,1877519.0,1877519.0,1877519.0,1877519.0,1892555.47
2973190.0,2973190.0,2973190.0,2973190.0,2973190.0,2973190.0,2973190.0,2973190.0,2973190.0,2973190.0,2973190.0,2973190.0,2973190.0,2973190.0,2973190.0,2973190.0,2973190.0,2973190.0,2973190.0,2973190.0,2973190.0,2973190.0,2973190.0,2973190.0,2973190.0,2973190.0,2973190.0,2973190.0,2973190.0,2973190.0,2973190.0,2973190.0,2973190.0,2973190.0,2973190.0,2973190.0,2973190.0,2973190.0,2973190.0,2973190.0,2973190.0,2973190.0,2973190.0,2973190.0,2973190.0,2973190.0,2973190.0,2973190.0,2973190.0,2973190.0,2973190.0,2973190.0,2973190.0,2973190.0,2973190.0,2973190.0,2973190.0,2973190.0,2973190.0,2973190.0,2973190.0
68890.0,68890.0,68890.0,68890.0,68890.0,68890.0,68890.0,68890.0,68890.0,68890.0,68890.0,68890.0,68890.0,68890.0,68890.0,68890.0,68890.0,68890.0,68890.0,68890.0,68890.0,68890.0,68890.0,68890.0,68890.0,68890.0,68890.0,68890.0,68890.0,68890.0,68890.0,68890.0,68890.0,68890.0,68890.0,68890.0,68890.0,68890.0,68890.0,68890.0,68890.0,68890.0,68890.0,68890.0,68890.0,68890.0,68890.0,68890.0,68890.0,68890.0,68890.0,68890.0,68890.0,68890.0,68890.0,68890.0,68890.0,68890.0,68890.0,68890.0,68890.0
1628760.0,1628760.0,1628760.0,1628760.0,1628760.0,1628760.0,1628760.0,1628760.0,1628760.0,1628760.0,1628760.0,1628760.0,1628760.0,1628760.0,1628760.0,1628760.0,1628760.0,1628760.0,1628760.0,1628760.0,1628760.0,1628760.0,1628760.0,1628760.0,1628760.0,1628760.0,1628760.0,1628760.0,1628760.0,1628760.0,1628760.0,1628760.0,1628760.0,1628760.0,1628760.0,1628760.0,1628760.0,1628760.0,1628760.0,1628760.0,1628760.0,1628760.0,1628760.0,1628760.0,1628760.0,1628760.0,1628760.0,1628760.0,1628760.0,1628760.0,1628760.0,1628760.0,1628760.0,1628760.0,1628760.0,1628760.0,1622500.0,1622500.0,1622500.0,1622500.0,1622500.0
437370.0,437370.0,437370.0,437370.0,437370.0,437370.0,437370.0,437370.0,437370.0,437370.0,437370.0,437370.0,437370.0,437370.0,437370.0,437370.0,437370.0,437370.0,437370.0,437370.0,437370.0,437370.0,437370.0,437370.0,437370.0,437370.0,437370.0,437370.0,437370.0,437370.0,437370.0,437370.0,437370.0,437370.0,437370.0,437370.0,437370.0,437370.0,437370.0,437370.0,437370.0,437370.0,437370.0,437370.0,437370.0,437370.0,437370.0,437370.0,434320.0,434320.0,434320.0,434320.0,434128.0,434128.0,434128.0,434128.0,434128.0,434128.0,434128.0,434128.0,434128.0
21640.0,21640.0,21640.0,21640.0,21640.0,21640.0,21640.0,21640.0,21640.0,21640.0,21640.0,21640.0,21640.0,21640.0,21640.0,21640.0,21640.0,21640.0,21640.0,21640.0,21640.0,21640.0,21640.0,21640.0,21640.0,21640.0,21640.0,21640.0,21640.0,21640.0,21640.0,21640.0,21640.0,21640.0,21640.0,21640.0,21640.0,21640.0,21640.0,21640.0,21640.0,21640.0,21640.0,21640.0,21640.0,21640.0,21640.0,21640.0,21640.0,21640.0,21640.0,21640.0,21640.0,21640.0,21640.0,21640.0,21640.0,21640.0,21640.0,21640.0,21640.0
294110.0,294110.0,294110.0,294110.0,294110.0,294110.0,294110.0,294110.0,294110.0,294110.0,294110.0,294110.0,294110.0,294110.0,294110.0,294110.0,294110.0,294110.0,294110.0,294110.0,294110.0,294110.0,294110.0,294110.0,294110.0,294110.0,294110.0,294110.0,294110.0,294110.0,294110.0,294110.0,294110.0,294110.0,294110.0,294110.0,294110.0,294110.0,294110.0,295718.0,295718.0,295718.0,295718.0,295718.0,295718.0,295718.0,295718.0,295718.0,295718.0,295718.0,295718.0,295718.0,295718.0,295718.0,295718.0,295718.0,295718.0,295718.0,295717.0,295717.0,295717.0
88240.0,88240.0,88240.0,88240.0,88240.0,88240.0,88240.0,88240.0,88240.0,88240.0,88240.0,88240.0,88240.0,88240.0,88240.0,88240.0,88240.0,88240.0,88240.0,88240.0,88240.0,88240.0,88240.0,88240.0,88240.0,88240.0,88240.0,88240.0,88240.0,88240.0,88240.0,88240.0,88240.0,88240.0,88240.0,88240.0,88240.0,88240.0,88240.0,88240.0,88240.0,88240.0,88240.0,88240.0,88240.0,88240.0,88240.0,88240.0,88780.0,88780.0,88780.0,88780.0,88780.0,88780.0,88780.0,88780.0,88780.0,88780.0,88794.0,88794.0,88794.0
366700.0,366700.0,366700.0,366700.0,366700.0,366700.0,366700.0,366700.0,366700.0,366700.0,366700.0,366600.0,366600.0,366600.0,366500.0,366500.0,366400.0,366400.0,366400.0,366300.0,366400.0,366200.0,366200.0,364700.0,364600.0,364700.0,364600.0,364600.0,364600.0,364600.0,364600.0,364600.0,364600.0,364600.0,364600.0,364500.0,364500.0,364500.0,364500.0,364500.0,364500.0,364500.0,364500.0,364500.0,364500.0,364500.0,364500.0,364500.0,364500.0,364500.0,364500.0,364500.0,364500.0,364500.0,364500.0,364500.0,364500.0,364500.0,364500.0,364500.0,364500.0
569140.0,569140.0,569140.0,569140.0,569140.0,569140.0,569140.0,569140.0,569140.0,569140.0,569140.0,569140.0,569140.0,569140.0,569140.0,569140.0,569140.0,569140.0,569140.0,569140.0,569140.0,569140.0,569140.0,569140.0,569140.0,569140.0,569140.0,569140.0,569140.0,569140.0,569140.0,569140.0,569140.0,569140.0,569140.0,569140.0,569140.0,569140.0,569140.0,569140.0,569140.0,569140.0,569140.0,569140.0,569140.0,569140.0,569140.0,569140.0,569140.0,569140.0,569140.0,569140.0,569140.0,569140.0,569140.0,569140.0,569140.0,569140.0,569140.0,569140.0,569140.0
176520.0,176520.0,176520.0,176520.0,176520.0,176520.0,176520.0,176520.0,176520.0,176520.0,176520.0,176520.0,176520.0,176520.0,176520.0,176520.0,176520.0,176520.0,176520.0,176520.0,176520.0,176520.0,176520.0,176520.0,176520.0,176520.0,176520.0,176520.0,176520.0,176520.0,176520.0,176520.0,176520.0,176520.0,176520.0,176520.0,176520.0,176520.0,176520.0,176520.0,176520.0,176520.0,176520.0,176520.0,176520.0,176520.0,176520.0,176520.0,176520.0,176520.0,176520.0,176520.0,176520.0,176520.0,176520.0,176520.0,176520.0,176520.0,176520.0,176520.0,176520.0
96460.0,96460.0,96460.0,96460.0,96460.0,96460.0,96460.0,96460.0,96460.0,96460.0,96460.0,96460.0,96460.0,96460.0,96460.0,96460.0,96460.0,96460.0,96460.0,96460.0,96460.0,96460.0,96460.0,96460.0,96460.0,96460.0,96460.0,96460.0,96460.0,96460.0,96460.0,96460.0,96460.0,96460.0,96460.0,96460.0,96460.0,96460.0,96460.0,96460.0,96740.0,96790.0,96800.0,96820.0,96850.0,96880.0,96920.0,96990.0,97060.0,97200.0,97190.0,97310.0,97426.0,97430.0,97445.0,97489.0,97510.0,97520.0,97600.0,97600.0,97600.0
230800.0,230800.0,230800.0,230800.0,230800.0,230800.0,230800.0,230800.0,230800.0,230800.0,230800.0,230800.0,230800.0,230800.0,230800.0,230800.0,230800.0,230800.0,230800.0,230800.0,230800.0,230800.0,230800.0,230800.0,230800.0,230800.0,230800.0,230800.0,230800.0,230800.0,230800.0,230800.0,230800.0,230800.0,230800.0,230800.0,230800.0,230800.0,230800.0,230800.0,230800.0,230800.0,230800.0,230800.0,230800.0,230800.0,230800.0,230800.0,230800.0,230800.0,230800.0,230800.0,230800.0,230800.0,230800.0,230800.0,230800.0,230800.0,230800.0,230800.0,230800.0
10230.0,10230.0,10230.0,10230.0,10230.0,10230.0,10230.0,10230.0,10230.0,10230.0,10230.0,10230.0,10230.0,10230.0,10230.0,10230.0,10230.0,10230.0,10230.0,10230.0,10230.0,10230.0,10230.0,10230.0,10230.0,10230.0,10230.0,10230.0,10230.0,10230.0,10230.0,10230.0,10230.0,10230.0,10230.0,10230.0,10230.0,10230.0,10230.0,10230.0,10230.0,10230.0,10230.0,10230.0,10230.0,10230.0,10230.0,10230.0,10230.0,10230.0,10230.0,10230.0,10230.0,10230.0,10230.0,10230.0,10230.0,10230.0,10230.0,10230.0,10230.0
96320.0,96320.0,96320.0,96320.0,96320.0,96320.0,96320.0,96320.0,96320.0,96320.0,96320.0,96320.0,96320.0,96320.0,96320.0,96320.0,96320.0,96320.0,96320.0,96320.0,96320.0,96320.0,96320.0,96320.0,96320.0,96320.0,96320.0,96320.0,96320.0,96320.0,96320.0,96320.0,96320.0,96320.0,96320.0,96320.0,96320.0,96320.0,96320.0,96320.0,96320.0,96320.0,96320.0,96320.0,96320.0,96320.0,96320.0,96320.0,96320.0,96320.0,96320.0,96320.0,96320.0,96320.0,96320.0,96320.0,96320.0,96320.0,96320.0,96320.0,96320.0
62710.0,62710.0,62710.0,62710.0,62710.0,62710.0,62710.0,62710.0,62710.0,62710.0,62710.0,62710.0,62710.0,62710.0,62710.0,62710.0,62710.0,62710.0,62710.0,62710.0,62710.0,62710.0,62710.0,62710.0,62710.0,62710.0,62710.0,62710.0,62710.0,62710.0,62710.0,62710.0,62710.0,62710.0,62710.0,62710.0,62710.0,62710.0,62710.0,62710.0,62710.0,62710.0,62710.0,62710.0,62710.0,62710.0,62710.0,62710.0,62710.0,62710.0,62710.0,62710.0,62710.0,62710.0,61893.0,61893.0,61893.0,61864.0,61864.47,61860.0,61860.0
446340.0,446340.0,446340.0,446340.0,446340.0,446340.0,446340.0,446340.0,446340.0,446340.0,446340.0,446340.0,446300.0,446300.0,446300.0,446300.0,446300.0,446300.0,446300.0,446300.0,446300.0,446300.0,446300.0,446300.0,446300.0,446300.0,446300.0,446300.0,446300.0,446300.0,446300.0,446300.0,446300.0,446300.0,446300.0,446300.0,446300.0,446300.0,446300.0,446300.0,446300.0,446300.0,446300.0,446300.0,446300.0,446300.0,446300.0,446300.0,446300.0,446300.0,446300.0,446300.0,446300.0,446300.0,446300.0,446300.0,446300.0,446300.0,446300.0,446300.0,446300.0
581540.0,581540.0,581540.0,581540.0,581540.0,581540.0,581540.0,581540.0,581540.0,581540.0,581540.0,581540.0,581540.0,581540.0,581540.0,581540.0,581540.0,581540.0,581540.0,581540.0,581540.0,581540.0,581540.0,581540.0,581540.0,581540.0,581540.0,581540.0,581540.0,581540.0,581540.0,581540.0,581540.0,581540.0,581540.0,581540.0,581540.0,581540.0,581540.0,581540.0,581540.0,581540.0,581540.0,581540.0,581540.0,581540.0,581540.0,581540.0,581540.0,581540.0,581795.0,581795.0,581800.0,581800.0,581800.0,581800.0,581800.0,581800.0,581800.0,581800.0,581800.0
1943950.0,1943950.0,1943950.0,1943950.0,1943950.0,1943950.0,1943950.0,1943950.0,1943950.0,1943950.0,1943950.0,1943950.0,1943950.0,1943950.0,1943950.0,1943950.0,1943950.0,1943950.0,1943950.0,1943950.0,1943950.0,1943950.0,1943950.0,1943950.0,1943950.0,1943950.0,1943950.0,1943950.0,1943950.0,1943950.0,1943950.0,1943950.0,1943950.0,1943950.0,1943950.0,1943950.0,1943950.0,1943950.0,1943950.0,1943950.0,1943950.0,1943950.0,1943950.0,1943950.0,1943950.0,1943950.0,1943950.0,1943950.0,1943950.0,1943950.0,1943950.0,1943950.0,1943950.0,1943950.0,1943950.0,1943950.0,1943950.0,1943950.0,1943950.0,1943950.0,1943950.0
1220190.0,1220190.0,1220190.0,1220190.0,1220190.0,1220190.0,1220190.0,1220190.0,1220190.0,1220190.0,1220190.0,1220190.0,1220190.0,1220190.0,1220190.0,1220190.0,1220190.0,1220190.0,1220190.0,1220190.0,1220190.0,1220190.0,1220190.0,1220190.0,1220190.0,1220190.0,1220190.0,1220190.0,1220190.0,1220190.0,1220190.0,1220190.0,1220190.0,1220190.0,1220190.0,1220190.0,1220190.0,1220190.0,1220190.0,1220190.0,1220190.0,1220190.0,1220190.0,1220190.0,1220190.0,1220190.0,1220190.0,1220190.0,1220190.0,1220190.0,1220190.0,1220190.0,1220190.0,1220190.0,1220190.0,1220190.0,1220190.0,1220190.0,1220190.0,1220190.0,1220190.0
653540.0,653540.0,653540.0,653540.0,653540.0,653540.0,653540.0,653540.0,653540.0,653540.0,653540.0,653540.0,653540.0,653540.0,653540.0,653540.0,653540.0,653540.0,653540.0,653540.0,653540.0,653540.0,653540.0,653540.0,653540.0,653540.0,653540.0,653540.0,653540.0,653540.0,653540.0,653540.0,653540.0,653540.0,653540.0,653540.0,653540.0,653540.0,653540.0,653540.0,653540.0,653540.0,653540.0,653420.0,653360.0,653470.0,653520.0,653310.0,653300.0,653260.0,653290.0,653150.0,653080.0,653080.0,653080.0,652780.0,652750.0,652700.0,652700.0,652670.0,652670.0
1547438.742,1547438.742,1547438.742,1547438.742,1547438.742,1547438.742,1547438.742,1547438.742,1547438.742,1547438.742,1547438.742,1547438.742,1547438.742,1547438.742,1547438.742,1547438.742,1547438.742,1547438.742,1547438.742,1547438.742,1547438.742,1547438.742,1547438.742,1547438.742,1547438.742,1547438.742,1547438.742,1547438.742,1547438.742,1547438.742,1547438.742,1547438.742,1547438.742,1547438.742,1547438.742,1547438.742,1547438.742,1547438.742,1547438.742,1547438.742,1547438.742,1547438.968,1554686.058,1554444.019,1554444.091,1557459.093,1557459.093,1557465.087,1557465.134,1557292.418,1557251.947,1557251.946,1557253.053,1557252.921,1557255.4,1557255.4,1557255.4,1557255.0,1557258.0,1557506.803,1557507.0
786380.0,786380.0,786380.0,786380.0,786380.0,786380.0,786380.0,786380.0,786380.0,786380.0,786380.0,786380.0,786380.0,786380.0,786380.0,786380.0,786380.0,786380.0,786380.0,786380.0,786380.0,786380.0,786380.0,786380.0,786380.0,786380.0,786380.0,786380.0,786380.0,786380.0,786380.0,786380.0,786380.0,786380.0,786380.0,786380.0,786380.0,786380.0,786380.0,786380.0,786380.0,786380.0,786380.0,786380.0,786380.0,786380.0,786380.0,786380.0,786380.0,786380.0,786380.0,786380.0,786380.0,786380.0,786380.0,786380.0,786380.0,786380.0,786380.0,786380.0,786380.0
1030700.0,1030700.0,1030700.0,1030700.0,1030700.0,1030700.0,1030700.0,1030700.0,1030700.0,1030700.0,1030700.0,1030700.0,1030700.0,1030700.0,1030700.0,1030700.0,1030700.0,1030700.0,1030700.0,1030700.0,1030700.0,1030700.0,1030700.0,1030700.0,1030700.0,1030700.0,1030700.0,1030700.0,1030700.0,1030700.0,1030700.0,1030700.0,1030700.0,1030700.0,1030700.0,1030700.0,1030700.0,1030700.0,1030700.0,1030700.0,1030700.0,1030700.0,1030700.0,1030700.0,1030700.0,1030700.0,1030700.0,1030700.0,1030700.0,1030700.0,1030700.0,1030700.0,1030700.0,1030700.0,1030700.0,1030700.0,1030700.0,1030700.0,1030700.0,1030700.0,1030700.0
94280.0,94280.0,94280.0,94280.0,94280.0,94280.0,94280.0,94280.0,94280.0,94280.0,94280.0,94280.0,94280.0,94280.0,94280.0,94280.0,94280.0,94280.0,94280.0,94280.0,94280.0,94280.0,94280.0,94280.0,94280.0,94280.0,94280.0,94280.0,94280.0,94280.0,94280.0,94280.0,94280.0,94280.0,94280.0,94280.0,94280.0,94280.0,94280.0,94280.0,94280.0,94280.0,94280.0,94280.0,94280.0,94280.0,94280.0,94280.0,94280.0,94280.0,94280.0,94280.0,94280.0,94280.0,94280.0,94280.0,94280.0,94280.0,94280.0,94280.0,94280.0
328550.0,328550.0,328550.0,328550.0,328550.0,328550.0,328550.0,328550.0,328550.0,328550.0,328550.0,328550.0,328550.0,328550.0,328550.0,328550.0,328550.0,328550.0,328550.0,328550.0,328550.0,328550.0,328550.0,328550.0,328550.0,328550.0,328550.0,328550.0,328550.0,328550.0,328550.0,328550.0,328550.0,328550.0,328550.0,328550.0,328550.0,328550.0,328550.0,328550.0,328550.0,328550.0,328550.0,328550.0,328550.0,328550.0,328550.0,328550.0,328550.0,328550.0,328550.0,328550.0,328550.0,328550.0,328550.0,328550.0,328550.0,328550.0,328550.0,328550.0,328550.0
1266700.0,1266700.0,1266700.0,1266700.0,1266700.0,1266700.0,1266700.0,1266700.0,1266700.0,1266700.0,1266700.0,1266700.0,1266700.0,1266700.0,1266700.0,1266700.0,1266700.0,1266700.0,1266700.0,1266700.0,1266700.0,1266700.0,1266700.0,1266700.0,1266700.0,1266700.0,1266700.0,1266700.0,1266700.0,1266700.0,1266700.0,1266700.0,1266700.0,1266700.0,1266700.0,1266700.0,1266700.0,1266700.0,1266700.0,1266700.0,1266700.0,1266700.0,1266700.0,1266700.0,1266700.0,1266700.0,1266700.0,1266700.0,1266700.0,1266700.0,1266700.0,1266700.0,1266700.0,1266700.0,1266700.0,1266700.0,1266700.0,1266700.0,1266700.0,1266700.0,1266700.0
910770.0,910770.0,910770.0,910770.0,910770.0,910770.0,910770.0,910770.0,910770.0,910770.0,910770.0,910770.0,910770.0,910770.0,910770.0,910770.0,910770.0,910770.0,910770.0,910770.0,910770.0,910770.0,910770.0,910770.0,910770.0,910770.0,910770.0,910770.0,910770.0,910770.0,910770.0,910770.0,910770.0,910770.0,910770.0,910770.0,910770.0,910770.0,910770.0,910770.0,910770.0,910770.0,910770.0,910770.0,910770.0,910770.0,910770.0,910770.0,910770.0,910770.0,910770.0,910770.0,910770.0,910770.0,910770.0,910770.0,910770.0,910770.0,910770.0,910770.0,910770.0
120340.0,120340.0,120340.0,120340.0,120340.0,120340.0,120340.0,120340.0,120340.0,120340.0,120340.0,120340.0,120340.0,120340.0,120340.0,120340.0,120340.0,120340.0,120340.0,120340.0,120340.0,120340.0,120340.0,120340.0,120340.0,120340.0,120340.0,120340.0,120340.0,120340.0,120340.0,120340.0,120340.0,120340.0,120340.0,120340.0,120340.0,120340.0,120340.0,120340.0,120340.0,120340.0,120340.0,120340.0,120340.0,120340.0,120340.0,120340.0,120340.0,120340.0,120340.0,120340.0,120340.0,120340.0,120340.0,120340.0,120340.0,120340.0,120340.0,120340.0,120340.0
33760.0,33760.0,33760.0,33760.0,33760.0,33760.0,33760.0,33760.0,33760.0,33760.0,33760.0,33760.0,33760.0,33760.0,33760.0,33760.0,33760.0,33760.0,33760.0,33760.0,33760.0,33760.0,33760.0,33760.0,33760.0,33760.0,33760.0,33760.0,33760.0,33760.0,33760.0,33760.0,33760.0,33760.0,33760.0,33760.0,33760.0,33760.0,33760.0,33760.0,33760.0,33760.0,33760.0,33760.0,33760.0,33760.0,33760.0,33760.0,33730.0,33730.0,33720.0,33720.0,33690.0,33690.0,33670.0,33670.0,33670.0,33670.0,33670.0,33670.0,33670.0
365244.0,365244.0,365244.0,365244.0,365244.0,365244.0,365244.0,365244.0,365244.0,365244.0,365244.0,365244.0,365244.0,365244.0,365244.0,365244.0,365244.0,365244.0,365244.0,365244.0,365244.0,365244.0,365244.0,365244.0,365244.0,365244.0,365244.0,365244.0,365244.0,365244.0,365244.0,365244.0,365244.0,365244.0,365244.0,365244.0,365244.0,365244.0,365244.0,365244.0,365244.0,365244.0,365244.0,365244.0,365244.0,365244.0,365244.0,365244.0,365244.0,365244.0,365244.0,365244.0,365122.96,365108.0,365190.7,365145.73,365123.0,365108.0,365094.0,364285.0,364270.0
143000.0,143000.0,143000.0,143000.0,143000.0,143000.0,143000.0,143000.0,143000.0,143000.0,143000.0,143000.0,143000.0,143000.0,143000.0,143000.0,143000.0,143000.0,143000.0,143000.0,143000.0,143000.0,143000.0,143000.0,143000.0,143000.0,143000.0,143000.0,143000.0,143000.0,143000.0,143000.0,143000.0,143000.0,143000.0,143000.0,143000.0,143000.0,143000.0,143350.0,143350.0,143350.0,143350.0,143350.0,143350.0,143350.0,143350.0,143350.0,143350.0,143350.0,143350.0,143350.0,143350.0,143350.0,143350.0,143350.0,143350.0,143350.0,143350.0,143350.0,143350.0
263310.0,263310.0,263310.0,263310.0,263310.0,263310.0,263310.0,263310.0,263310.0,263310.0,263310.0,263310.0,263310.0,263310.0,263310.0,263310.0,263310.0,263310.0,263310.0,263310.0,263310.0,263310.0,263310.0,263310.0,263310.0,263310.0,263310.0,263310.0,263310.0,263310.0,263310.0,263310.0,263310.0,263310.0,263310.0,263310.0,263310.0,263310.0,263310.0,263310.0,263310.0,263310.0,263310.0,263310.0,263310.0,263310.0,263310.0,263310.0,263310.0,263310.0,263310.0,263310.0,263310.0,263310.0,263310.0,263310.0,263310.0,263310.0,263310.0,263310.0,263310.0
309500.0,309500.0,309500.0,309500.0,309500.0,309500.0,309500.0,309500.0,309500.0,309500.0,309500.0,309500.0,309500.0,309500.0,309500.0,309500.0,309500.0,309500.0,309500.0,309500.0,309500.0,309500.0,309500.0,309500.0,309500.0,309500.0,309500.0,309500.0,309500.0,309500.0,309500.0,309500.0,309500.0,309500.0,309500.0,309500.0,309500.0,309500.0,309500.0,309500.0,309500.0,309500.0,309500.0,309500.0,309500.0,309500.0,309500.0,309500.0,309500.0,309500.0,309500.0,309500.0,309500.0,309500.0,309500.0,309500.0,309500.0,309500.0,309500.0,309500.0,309500.0
770880.0,770880.0,770880.0,770880.0,770880.0,770880.0,770880.0,770880.0,770880.0,770880.0,770880.0,770880.0,770880.0,770880.0,770880.0,770880.0,770880.0,770880.0,770880.0,770880.0,770880.0,770880.0,770880.0,770880.0,770880.0,770880.0,770880.0,770880.0,770880.0,770880.0,770880.0,770880.0,770880.0,770880.0,770880.0,770880.0,770880.0,770880.0,770880.0,770880.0,770880.0,770880.0,770880.0,770880.0,770880.0,770880.0,770880.0,770880.0,770880.0,770880.0,770880.0,770880.0,770880.0,770880.0,770880.0,770880.0,770880.0,770880.0,770880.0,770880.0,770880.0
74340.0,74340.0,74340.0,74340.0,74340.0,74340.0,74340.0,74340.0,74340.0,74340.0,74340.0,74340.0,74340.0,74340.0,74340.0,74340.0,74340.0,74340.0,74340.0,74340.0,74340.0,74340.0,74340.0,74340.0,74340.0,74340.0,74340.0,74340.0,74340.0,74340.0,74340.0,74340.0,74340.0,74340.0,74340.0,74340.0,74340.0,74340.0,74340.0,74340.0,74340.0,74340.0,74340.0,74340.0,74340.0,74340.0,74340.0,74340.0,74340.0,74340.0,74340.0,74340.0,74340.0,74120.0,74120.0,74120.0,74120.0,74180.0,74180.0,74180.0,74180.0
1280000.0,1280000.0,1280000.0,1280000.0,1280000.0,1280000.0,1280000.0,1280000.0,1280000.0,1280000.0,1280000.0,1280000.0,1280000.0,1280000.0,1280000.0,1280000.0,1280000.0,1280000.0,1280000.0,1280000.0,1280000.0,1280000.0,1280000.0,1280000.0,1280000.0,1280000.0,1280000.0,1280000.0,1280000.0,1280000.0,1280000.0,1280000.0,1280000.0,1280000.0,1280000.0,1280000.0,1280000.0,1280000.0,1280000.0,1280000.0,1280000.0,1280000.0,1280000.0,1280000.0,1280000.0,1280000.0,1280000.0,1280000.0,1280000.0,1280000.0,1280000.0,1280000.0,1280000.0,1280000.0,1280000.0,1280000.0,1280000.0,1280000.0,1280000.0,1280000.0,1280000.0
298260.0,298260.0,298260.0,298260.0,298260.0,298260.0,298260.0,298260.0,298260.0,298260.0,298260.0,298260.0,298230.0,298190.0,298170.0,298170.0,298170.0,298170.0,298170.0,298170.0,298170.0,298170.0,298170.0,298170.0,298170.0,298170.0,298170.0,298170.0,298170.0,298170.0,298170.0,298170.0,298170.0,298170.0,298170.0,298170.0,298170.0,298170.0,298170.0,298170.0,298170.0,298170.0,298170.0,298170.0,298170.0,298170.0,298170.0,298170.0,298170.0,298170.0,298170.0,298170.0,298170.0,298170.0,298170.0,298170.0,298170.0,298170.0,298170.0,298170.0,298170.0
306290.0,306290.0,306290.0,306290.0,306290.0,306290.0,306290.0,306290.0,306290.0,306290.0,306290.0,306290.0,306290.0,306290.0,306290.0,306290.0,306290.0,306290.0,306290.0,306290.0,306290.0,306290.0,306290.0,306290.0,306290.0,306290.0,306290.0,306290.0,306290.0,306290.0,306290.0,306290.0,306290.0,306290.0,306290.0,306290.0,306290.0,306290.0,306290.0,306290.0,306290.0,306290.0,306240.0,306330.0,306330.0,306320.0,306320.0,306300.0,306280.0,306280.0,306230.0,306220.0,306210.0,306190.0,306190.0,306190.0,306190.0,306170.0,306110.0,306130.0,306100.0
91500.0,91500.0,91500.0,91500.0,91500.0,91500.0,91500.0,91500.0,91500.0,91500.0,91500.0,91500.0,91500.0,91500.0,91500.0,91500.0,91500.0,91500.0,91500.0,91500.0,91500.0,91500.0,91500.0,91500.0,91500.0,91500.0,91500.0,91500.0,91500.0,91500.0,91500.0,91500.0,91500.0,91500.0,91500.0,91500.0,91500.0,91500.0,91500.0,91500.0,91500.0,91500.0,91500.0,91500.0,91470.0,91470.0,91470.0,91470.0,91590.0,91590.0,91590.0,91590.0,91605.2,91605.6,91605.6,91605.6,91605.6,91605.6,91605.6,91605.6,91605.6
397300.0,397300.0,397300.0,397300.0,397300.0,397300.0,397300.0,397300.0,397300.0,397300.0,397300.0,397300.0,397300.0,397300.0,397300.0,397300.0,397300.0,397300.0,397300.0,397300.0,397300.0,397300.0,397300.0,397300.0,397300.0,397300.0,397300.0,397300.0,397300.0,397300.0,397300.0,397300.0,397300.0,397300.0,397300.0,397300.0,397300.0,397300.0,397300.0,397300.0,397300.0,397300.0,397300.0,397300.0,397300.0,397300.0,397300.0,397300.0,397300.0,397300.0,397300.0,397300.0,397300.0,397300.0,397300.0,397300.0,397300.0,397300.0,397300.0,397300.0,397300.0
6020.0,6020.0,6020.0,6020.0,6020.0,6020.0,6020.0,6020.0,6020.0,6020.0,6020.0,6020.0,6020.0,6020.0,6020.0,6020.0,6020.0,6020.0,6020.0,6020.0,6020.0,6020.0,6020.0,6020.0,6020.0,6020.0,6020.0,6020.0,6020.0,6020.0,6020.0,6020.0,6020.0,6020.0,6020.0,6020.0,6020.0,6020.0,6020.0,6020.0,6020.0,6020.0,6020.0,6020.0,6020.0,6020.0,6020.0,6020.0,6020.0,6020.0,6020.0,6020.0,6020.0,6020.0,6020.0,6020.0,6020.0,6020.0,6020.0,6020.0,6025.0
230340.0,230340.0,230340.0,230340.0,230340.0,230340.0,230340.0,230340.0,230340.0,230340.0,230340.0,230340.0,230340.0,230340.0,230340.0,230340.0,230340.0,230340.0,230340.0,230340.0,230340.0,230340.0,230340.0,230340.0,230340.0,230340.0,230340.0,230340.0,229350.0,229350.0,229460.0,229460.0,229460.0,229510.0,229490.0,229520.0,229530.0,229590.0,229600.0,229710.0,229710.0,229870.0,229950.0,230000.0,229980.0,229980.0,229890.0,229900.0,230060.0,230050.0,230170.0,230020.0,230030.0,230080.0,230080.0,230080.0,230080.0,230080.0,230080.0,230080.0,230080.0
nan,nan,nan,nan,nan,nan,nan,nan,nan,nan,nan,nan,nan,nan,nan,nan,nan,nan,nan,nan,nan,nan,nan,nan,nan,nan,nan,nan,nan,nan,nan,16389950.0,16386180.0,16381330.0,16378380.0,16377960.0,16378650.0,16381300.0,16388510.0,16381340.0,16380440.0,16380940.0,16380980.0,16381230.0,16381390.0,16377740.0,16377740.0,16376870.0,16376870.0,16376870.0,16376870.0,16376870.0,16376870.0,16376870.0,16376870.0,16376870.0,16376870.0,16376870.0,16376870.0,16376870.0,16376870.0
24670.0,24670.0,24670.0,24670.0,24670.0,24670.0,24670.0,24670.0,24670.0,24670.0,24670.0,24670.0,24670.0,24670.0,24670.0,24670.0,24670.0,24670.0,24670.0,24670.0,24670.0,24670.0,24670.0,24670.0,24670.0,24670.0,24670.0,24670.0,24670.0,24670.0,24670.0,24670.0,24670.0,24670.0,24670.0,24670.0,24670.0,24670.0,24670.0,24670.0,24670.0,24670.0,24670.0,24670.0,24670.0,24670.0,24670.0,24670.0,24670.0,24670.0,24670.0,24670.0,24670.0,24670.0,24670.0,24670.0,24670.0,24670.0,24670.0,24670.0,24670.0
2149690.0,2149690.0,2149690.0,2149690.0,2149690.0,2149690.0,2149690.0,2149690.0,2149690.0,2149690.0,2149690.0,2149690.0,2149690.0,2149690.0,2149690.0,2149690.0,2149690.0,2149690.0,2149690.0,2149690.0,2149690.0,2149690.0,2149690.0,2149690.0,2149690.0,2149690.0,2149690.0,2149690.0,2149690.0,2149690.0,2149690.0,2149690.0,2149690.0,2149690.0,2149690.0,2149690.0,2149690.0,2149690.0,2149690.0,2149690.0,2149690.0,2149690.0,2149690.0,2149690.0,2149690.0,2149690.0,2149690.0,2149690.0,2149690.0,2149690.0,2149690.0,2149690.0,2149690.0,2149690.0,2149690.0,2149690.0,2149690.0,2149690.0,2149690.0,2149690.0,2149690.0
2376000.0,2376000.0,2376000.0,2376000.0,2376000.0,2376000.0,2376000.0,2376000.0,2376000.0,2376000.0,2376000.0,2376000.0,2376000.0,2376000.0,2376000.0,2376000.0,2376000.0,2376000.0,2376000.0,2376000.0,2376000.0,2376000.0,2376000.0,2376000.0,2376000.0,2376000.0,2376000.0,2376000.0,2376000.0,2376000.0,2376000.0,2376000.0,2376000.0,2376000.0,2376000.0,2376000.0,2376000.0,2376000.0,2376000.0,2376000.0,2376000.0,2376000.0,2376000.0,2376000.0,2376000.0,2376000.0,2376000.0,2376000.0,2376000.0,2376000.0,2376000.0,1868000.0,1868000.0,1868000.0,1868000.0,1868000.0,1868000.0,1868000.0,1868000.0,1868000.0,1868000.0
192530.0,192530.0,192530.0,192530.0,192530.0,192530.0,192530.0,192530.0,192530.0,192530.0,192530.0,192530.0,192530.0,192530.0,192530.0,192530.0,192530.0,192530.0,192530.0,192530.0,192530.0,192530.0,192530.0,192530.0,192530.0,192530.0,192530.0,192530.0,192530.0,192530.0,192530.0,192530.0,192530.0,192530.0,192530.0,192530.0,192530.0,192530.0,192530.0,192530.0,192530.0,192530.0,192530.0,192530.0,192530.0,192530.0,192530.0,192530.0,192530.0,192530.0,192530.0,192530.0,192530.0,192530.0,192530.0,192530.0,192530.0,192530.0,192530.0,192530.0,192530.0
670.0,670.0,670.0,670.0,670.0,670.0,670.0,670.0,670.0,670.0,670.0,670.0,670.0,670.0,670.0,670.0,670.0,670.0,670.0,670.0,670.0,670.0,670.0,670.0,670.0,670.0,670.0,670.0,670.0,670.0,670.0,670.0,670.0,670.0,670.0,670.0,670.0,670.0,670.0,670.0,670.0,675.0,687.0,689.0,689.0,694.0,695.0,700.0,700.0,702.0,704.0,706.0,707.0,709.0,709.0,709.0,712.0,714.0,716.0,718.0,718.0
72180.0,72180.0,72180.0,72180.0,72180.0,72180.0,72180.0,72180.0,72180.0,72180.0,72180.0,72180.0,72180.0,72180.0,72180.0,72180.0,72180.0,72180.0,72180.0,72180.0,72180.0,72180.0,72180.0,72180.0,72180.0,72180.0,72180.0,72180.0,72180.0,72180.0,72180.0,72180.0,72180.0,72180.0,72180.0,72180.0,72180.0,72180.0,72180.0,72180.0,72180.0,72180.0,72180.0,72180.0,72180.0,72180.0,72180.0,72180.0,72180.0,72180.0,72180.0,72180.0,72180.0,72180.0,72180.0,72180.0,72180.0,72180.0,72180.0,72180.0,72180.0
20850.0,20850.0,20850.0,20850.0,20850.0,20850.0,20850.0,20850.0,20850.0,20850.0,20850.0,20850.0,20850.0,20850.0,20850.0,20720.0,20720.0,20720.0,20720.0,20720.0,20720.0,20720.0,20720.0,20720.0,20720.0,20720.0,20720.0,20720.0,20720.0,20720.0,20720.0,20720.0,20720.0,20720.0,20720.0,20720.0,20720.0,20720.0,20720.0,20720.0,20720.0,20720.0,20720.0,20720.0,20720.0,20720.0,20720.0,20720.0,20720.0,20720.0,20720.0,20720.0,20720.0,20720.0,20720.0,20720.0,20720.0,20720.0,20720.0,20720.0,20720.0
nan,nan,nan,nan,nan,nan,nan,nan,nan,nan,nan,nan,nan,nan,nan,nan,nan,nan,nan,nan,nan,nan,nan,nan,nan,nan,nan,nan,nan,nan,nan,nan,nan,nan,nan,nan,nan,nan,nan,nan,nan,nan,nan,nan,nan,87460.0,87460.0,87460.0,87460.0,87460.0,87460.0,87460.0,87460.0,87460.0,87460.0,87460.0,87460.0,87460.0,87460.0,84090.0,84090.0
407339.7,407339.7,407339.7,407339.7,407339.7,407339.7,407339.7,407339.7,407339.7,407339.7,407339.7,407339.7,407339.7,407339.7,407339.7,407339.7,407339.7,407339.7,407339.7,407339.7,407339.7,407339.7,407339.7,407339.7,407339.7,407339.7,407339.7,407339.7,407339.7,407339.7,407339.7,407339.7,407339.7,407339.7,407339.7,407339.7,407339.7,407339.7,407339.7,407339.7,407339.7,407339.7,407339.7,407339.7,407339.7,407339.7,407339.7,407339.7,407339.7,407339.7,407339.7,407339.7,407339.7,407339.7,407310.64,407310.64,407310.64,407310.64,407283.59,407283.532,407283.54
183780.0,183780.0,183780.0,183780.0,183780.0,183780.0,183780.0,183780.0,183780.0,183780.0,183780.0,183780.0,183780.0,183780.0,183780.0,183780.0,183780.0,183780.0,183780.0,183780.0,183780.0,183780.0,183780.0,183780.0,183780.0,183780.0,183780.0,183780.0,183780.0,183780.0,183780.0,183780.0,183780.0,183780.0,183780.0,183780.0,183780.0,183780.0,183780.0,183780.0,183780.0,183780.0,183590.0,183570.0,183570.0,183630.0,183640.0,183640.0,183640.0,183630.0,183630.0,183630.0,183630.0,183630.0,183630.0,183630.0,183630.0,183630.0,183630.0,183630.0,183630.0
1260000.0,1260000.0,1260000.0,1260000.0,1260000.0,1260000.0,1260000.0,1260000.0,1260000.0,1260000.0,1260000.0,1260000.0,1260000.0,1259600.0,1259200.0,1259200.0,1259200.0,1259200.0,1259200.0,1259200.0,1259200.0,1259200.0,1259200.0,1259200.0,1259200.0,1259200.0,1259200.0,1259200.0,1259200.0,1259200.0,1259200.0,1259200.0,1259200.0,1259200.0,1259200.0,1259200.0,1259200.0,1259200.0,1259200.0,1259200.0,1259200.0,1259200.0,1259200.0,1259200.0,1259200.0,1259200.0,1259200.0,1259200.0,1259200.0,1259200.0,1259200.0,1259200.0,1259200.0,1259200.0,1259200.0,1259200.0,1259200.0,1259200.0,1259200.0,1259200.0,1259200.0
54390.0,54390.0,54390.0,54390.0,54390.0,54390.0,54390.0,54390.0,54390.0,54390.0,54390.0,54390.0,54390.0,54390.0,54390.0,54390.0,54390.0,54390.0,54390.0,54390.0,54390.0,54390.0,54390.0,54390.0,54390.0,54390.0,54390.0,54390.0,54390.0,54390.0,54390.0,54390.0,54390.0,54390.0,54390.0,54390.0,54390.0,54390.0,54390.0,54390.0,54390.0,54390.0,54390.0,54390.0,54390.0,54390.0,54390.0,54390.0,54390.0,54390.0,54390.0,54390.0,54390.0,54390.0,54390.0,54390.0,54390.0,54390.0,54390.0,54390.0,54390.0
510890.0,510890.0,510890.0,510890.0,510890.0,510890.0,510890.0,510890.0,510890.0,510890.0,510890.0,510890.0,510890.0,510890.0,510890.0,510890.0,510890.0,510890.0,510890.0,510890.0,510890.0,510890.0,510890.0,510890.0,510890.0,510890.0,510890.0,510890.0,510890.0,510890.0,510890.0,510890.0,510890.0,510890.0,510890.0,510890.0,510890.0,510890.0,510890.0,510890.0,510890.0,510890.0,510890.0,510890.0,510890.0,510890.0,510890.0,510890.0,510890.0,510890.0,510890.0,510890.0,510890.0,510890.0,510890.0,510890.0,510890.0,510890.0,510890.0,510890.0,510890.0
155360.0,155360.0,155360.0,155360.0,155360.0,155360.0,155360.0,155360.0,155360.0,155360.0,155360.0,155360.0,155360.0,155360.0,155360.0,155360.0,155360.0,155360.0,155360.0,155360.0,155360.0,155360.0,155360.0,155360.0,155360.0,155360.0,155360.0,155360.0,155360.0,155360.0,155360.0,155360.0,155360.0,155360.0,155360.0,155360.0,155360.0,155360.0,155360.0,155360.0,155360.0,155360.0,155360.0,155360.0,155360.0,155360.0,155360.0,155360.0,155360.0,155360.0,155360.0,155360.0,155360.0,155360.0,155360.0,155360.0,155360.0,155360.0,155360.0,155360.0,155360.0
769630.0,769630.0,769630.0,769630.0,769630.0,769630.0,769630.0,769630.0,769630.0,769630.0,769630.0,769630.0,769630.0,769630.0,769630.0,769630.0,769630.0,769630.0,769630.0,769630.0,769630.0,769630.0,769630.0,769630.0,769630.0,769630.0,769630.0,769630.0,769630.0,769630.0,769630.0,769630.0,769630.0,769630.0,769630.0,769630.0,769630.0,769630.0,769630.0,769630.0,769630.0,769630.0,769630.0,769630.0,769630.0,769630.0,769630.0,769630.0,769630.0,769630.0,769630.0,769630.0,769630.0,769630.0,769630.0,769630.0,769630.0,769630.0,769630.0,769630.0,769630.0
35980.0,35980.0,35980.0,35980.0,35980.0,35980.0,35980.0,35980.0,35980.0,35980.0,35980.0,35980.0,35980.0,35980.0,35980.0,35980.0,35980.0,35980.0,35980.0,35980.0,35980.0,35980.0,35980.0,35980.0,35980.0,35980.0,35980.0,35980.0,35980.0,35980.0,35980.0,35980.0,35980.0,35980.0,35980.0,35980.0,35980.0,35980.0,35980.0,35980.0,35980.0,35980.0,35980.0,35980.0,35980.0,35980.0,35980.0,35980.0,35980.0,35980.0,35980.0,35980.0,35980.0,35980.0,35980.0,35980.0,35980.0,35980.0,35980.0,35980.0,35980.0
885800.0,885800.0,885800.0,885800.0,885800.0,885800.0,885800.0,885800.0,885800.0,885800.0,885800.0,885800.0,885800.0,885800.0,885800.0,885800.0,885800.0,885800.0,885800.0,885800.0,885800.0,885800.0,885800.0,885800.0,885800.0,885800.0,885800.0,885800.0,885800.0,885800.0,885800.0,885800.0,885800.0,885800.0,885800.0,885800.0,885800.0,885800.0,885800.0,885800.0,885800.0,885800.0,885800.0,885800.0,885800.0,885800.0,885800.0,885800.0,885800.0,885800.0,885800.0,885800.0,885800.0,885800.0,885800.0,885800.0,885800.0,885800.0,885800.0,885800.0,885800.0
199810.0,199810.0,199810.0,199810.0,199810.0,199810.0,199810.0,199810.0,199810.0,199810.0,199810.0,199810.0,199810.0,199810.0,199810.0,199810.0,199810.0,199810.0,199810.0,199810.0,199810.0,199810.0,199810.0,199810.0,199810.0,199810.0,199810.0,199810.0,199810.0,199810.0,199810.0,199810.0,199810.0,199810.0,199810.0,199810.0,199810.0,199810.0,199810.0,199810.0,199810.0,199810.0,199810.0,199810.0,199810.0,199810.0,199810.0,199810.0,199810.0,200520.0,200520.0,200520.0,200520.0,200520.0,200520.0,200520.0,200520.0,200520.0,200520.0,200520.0,200520.0
175020.0,175020.0,175020.0,175020.0,175020.0,175020.0,175020.0,175020.0,175020.0,175020.0,175020.0,175020.0,175020.0,175020.0,175020.0,175020.0,175020.0,175020.0,175020.0,175020.0,175020.0,175020.0,175020.0,175020.0,175020.0,175020.0,175020.0,175020.0,175020.0,175020.0,175020.0,175020.0,175020.0,175020.0,175020.0,175020.0,175020.0,175020.0,175020.0,175020.0,175020.0,175020.0,175020.0,175020.0,175020.0,175020.0,175020.0,175020.0,175020.0,175020.0,175020.0,175020.0,175020.0,175020.0,175020.0,175020.0,175020.0,175020.0,175020.0,175020.0,175020.0
9158960.0,9158960.0,9158960.0,9158960.0,9158960.0,9158960.0,9158960.0,9158960.0,9158960.0,9158960.0,9158960.0,9158960.0,9158960.0,9158960.0,9158960.0,9158960.0,9158960.0,9158960.0,9158960.0,9158960.0,9158960.0,9158960.0,9158960.0,9158960.0,9158960.0,9158960.0,9158960.0,9158960.0,9158960.0,9158960.0,9158960.0,9158960.0,9158960.0,9158960.0,9158960.0,9158960.0,9158960.0,9158960.0,9158960.0,9161920.0,9161920.0,9161920.0,9161920.0,9161920.0,9161920.0,9161920.0,9161920.0,9147420.0,9147420.0,9147420.0,9147420.0,9147420.0,9147420.0,9147420.0,9147420.0,9147420.0,9147420.0,9147420.0,9147420.0,9147420.0,9147420.0
882050.0,882050.0,882050.0,882050.0,882050.0,882050.0,882050.0,882050.0,882050.0,882050.0,882050.0,882050.0,882050.0,882050.0,882050.0,882050.0,882050.0,882050.0,882050.0,882050.0,882050.0,882050.0,882050.0,882050.0,882050.0,882050.0,882050.0,882050.0,882050.0,882050.0,882050.0,882050.0,882050.0,882050.0,882050.0,882050.0,882050.0,882050.0,882050.0,882050.0,882050.0,882050.0,882050.0,882050.0,882050.0,882050.0,882050.0,882050.0,882050.0,882050.0,882050.0,882050.0,882050.0,882050.0,882050.0,882050.0,882050.0,882050.0,882050.0,882050.0,882050.0
325490.0,325490.0,325490.0,325490.0,325490.0,325490.0,325490.0,325490.0,325490.0,325490.0,325490.0,325490.0,325490.0,325490.0,325490.0,325490.0,325490.0,325490.0,325490.0,325490.0,325490.0,325490.0,325490.0,325490.0,325490.0,325490.0,325490.0,325490.0,325490.0,325490.0,325490.0,325490.0,325490.0,325490.0,325490.0,325490.0,325490.0,325490.0,325490.0,311060.0,311090.0,310550.0,310070.0,310070.0,312837.0,312795.0,312558.0,312792.0,312762.0,313294.0,313284.0,313457.0,313007.33,313371.0,313383.0,313387.0,313403.0,313429.0,313429.0,313429.0,313429.0
527970.0,527970.0,527970.0,527970.0,527970.0,527970.0,527970.0,527970.0,527970.0,527970.0,527970.0,527970.0,527970.0,527970.0,527970.0,527970.0,527970.0,527970.0,527970.0,527970.0,527970.0,527970.0,527970.0,527970.0,527970.0,527970.0,527970.0,527970.0,527970.0,527970.0,527970.0,527970.0,527970.0,527970.0,527970.0,527970.0,527970.0,527970.0,527970.0,527970.0,527970.0,527970.0,527970.0,527970.0,527970.0,527970.0,527970.0,527970.0,527970.0,527970.0,527970.0,527970.0,527970.0,527970.0,527970.0,527970.0,527970.0,527970.0,527970.0,527970.0,527970.0
1213090.0,1213090.0,1213090.0,1213090.0,1213090.0,1213090.0,1213090.0,1213090.0,1213090.0,1213090.0,1213090.0,1213090.0,1213090.0,1213090.0,1213090.0,1213090.0,1213090.0,1213090.0,1213090.0,1213090.0,1213090.0,1213090.0,1213090.0,1213090.0,1213090.0,1213090.0,1213090.0,1213090.0,1213090.0,1213090.0,1213090.0,1213090.0,1213090.0,1213090.0,1213090.0,1213090.0,1213090.0,1213090.0,1213090.0,1213090.0,1213090.0,1213090.0,1213090.0,1213090.0,1213090.0,1213090.0,1213090.0,1213090.0,1213090.0,1213090.0,1213090.0,1213090.0,1213090.0,1213090.0,1213090.0,1213090.0,1213090.0,1213090.0,1213090.0,1213090.0,1213090.0
743390.0,743390.0,743390.0,743390.0,743390.0,743390.0,743390.0,743390.0,743390.0,743390.0,743390.0,743390.0,743390.0,743390.0,743390.0,743390.0,743390.0,743390.0,743390.0,743390.0,743390.0,743390.0,743390.0,743390.0,743390.0,743390.0,743390.0,743390.0,743390.0,743390.0,743390.0,743390.0,743390.0,743390.0,743390.0,743390.0,743390.0,743390.0,743390.0,743390.0,743390.0,743390.0,743390.0,743390.0,743390.0,743390.0,743390.0,743390.0,743390.0,743390.0,743390.0,743390.0,743390.0,743390.0,743390.0,743390.0,743390.0,743390.0,743390.0,743390.0,743390.0
386850.0,386850.0,386850.0,386850.0,386850.0,386850.0,386850.0,386850.0,386850.0,386850.0,386850.0,386850.0,386850.0,386850.0,386850.0,386850.0,386850.0,386850.0,386850.0,386850.0,386850.0,386850.0,386850.0,386850.0,386850.0,386850.0,386850.0,386850.0,386850.0,386850.0,386850.0,386850.0,386850.0,386850.0,386850.0,386850.0,386850.0,386850.0,386850.0,386850.0,386850.0,386850.0,386850.0,386850.0,386850.0,386850.0,386850.0,386850.0,386850.0,386850.0,386850.0,386850.0,386850.0,386850.0,386850.0,386850.0,386850.0,386850.0,386850.0,386850.0,386850.0
