nan,nan,nan,nan,nan,nan,nan,nan,nan,nan,nan,nan,nan,nan,nan,nan,nan,nan,nan,nan,nan,nan,nan,nan,nan,nan,nan,nan,nan,nan,nan,nan,nan,nan,nan,nan,nan,nan,nan,nan,nan,nan,nan,nan,nan,nan,nan,nan,nan,nan,nan,nan,nan,nan,nan,nan,nan,53.81,54.225,54.405,50.54,55.145,nan,nan
nan,nan,nan,nan,nan,nan,58.9660536049355,59.0864986586528,59.2517931777611,59.278999460349,60.2815332072844,60.0100100598638,59.8108616285197,60.468447427416,59.939601538742,58.7894285654304,58.3919925134268,58.3006784970312,57.0171662952642,56.9505338667007,57.5528589228389,57.6001012583083,56.4277514516302,54.4167237825935,55.1085271727819,55.7842103979062,56.8865853886488,56.9358402549882,57.8721837417601,59.2595720816681,59.3316717645839,57.0964095085131,56.1287047976639,55.6693824233967,56.8273197036128,58.167968127937,58.1233614286589,57.8541755325274,58.1703519591753,58.4582742149485,59.1795876253009,59.0438938774866,59.344518632112,59.8292970186157,60.0481347990344,61.1681653084183,61.6790348383108,62.3420499569729,62.7191926871151,61.806,61.998,62.114,61.766,61.283,60.783,61.074,61.165,61.53,62.16,62.553,60.827,62.479,64.192,64.483
nan,nan,nan,nan,nan,nan,nan,nan,nan,nan,nan,nan,nan,nan,nan,nan,nan,nan,nan,nan,nan,nan,nan,nan,nan,nan,nan,nan,nan,nan,nan,nan,nan,nan,56.9750860494225,57.0688165671731,56.15391267129,56.0842271092088,55.9930900973499,56.4391915868824,56.4153978426024,56.4567594296546,56.7696250528518,56.9069916649777,54.7514564135077,55.2629969708983,55.9848219345277,57.0246152351976,57.6890486103077,57.241,57.485,57.729,57.807,57.67,57.283,57.248,57.526,57.852,58.391,58.611,57.512,57.377,58.619,58.553
nan,nan,nan,nan,nan,nan,nan,nan,nan,nan,nan,nan,nan,nan,nan,nan,nan,nan,nan,nan,nan,nan,nan,nan,nan,nan,nan,nan,nan,nan,nan,89.587,89.035,88.302,87.558,86.936,86.11,85.19,84.263,83.482,82.673,81.861,81.031,80.18,79.318,78.397,77.414,77.642,77.847,78.133,78.403,78.555,78.7,78.845,78.952,79.313,79.536,79.641,79.66,79.499,78.587,78.8,78.842,78.81
nan,nan,nan,nan,nan,nan,nan,nan,nan,nan,nan,nan,nan,nan,nan,nan,nan,nan,nan,nan,nan,nan,nan,53.0924606000563,52.6205434904821,52.8303788282932,52.9314240196736,52.3196795932234,52.4741490611509,53.7871431484978,54.446770117729,55.8969056899479,56.5321930327048,55.9593254607513,55.7335879766129,56.2529532934941,56.2619094185856,56.9760241136444,57.3161573182373,58.936083950776,48.5241013824178,47.9502907963049,47.8551724122548,47.5889847936305,48.1360887992628,48.8008331815484,48.7345581763442,49.5958957288201,49.9338331861328,49.244,49.586,49.4,49.233,49.046,48.946,48.788,48.952,50.021,50.965,51.475,50.833,51.079,52.026,51.946
nan,nan,nan,nan,nan,nan,nan,nan,nan,nan,nan,nan,nan,nan,nan,nan,nan,nan,nan,nan,nan,nan,nan,nan,nan,nan,nan,nan,nan,nan,nan,72.176,72.16,72.119,72.078,72.037,71.996,71.955,71.914,71.873,71.832,71.791,71.75,71.764,71.779,71.793,71.808,71.822,71.837,71.851,71.866,71.88,70.659,69.408,68.127,66.818,65.483,64.123,62.74,62.671,62.076,61.106,62.399,62.709
nan,nan,nan,nan,nan,nan,nan,nan,nan,nan,nan,nan,nan,nan,nan,nan,nan,nan,nan,nan,nan,nan,nan,nan,nan,nan,nan,nan,nan,nan,nan,83.93,83.316,82.682,82.03,81.36,80.669,79.96,79.231,78.483,77.716,76.929,76.123,75.298,74.454,73.591,72.71,71.875,71.024,70.159,69.279,68.384,67.476,66.554,65.62,65.573,65.528,65.478,65.421,65.356,64.735,65.141,65.264,65.09
nan,nan,nan,nan,nan,nan,nan,nan,nan,nan,nan,nan,nan,nan,nan,nan,nan,nan,nan,nan,nan,nan,nan,nan,nan,nan,nan,nan,nan,nan,nan,58.132,58.168,58.219,58.281,58.347,58.311,58.283,58.26,58.239,58.22,58.18,58.158,58.147,58.141,58.135,58.07,57.873,57.676,57.478,57.281,57.083,56.885,56.686,56.488,56.289,56.09,58.33,58.473,58.587,58.031,58.796,58.283,58.162
nan,nan,nan,nan,nan,nan,nan,nan,nan,nan,nan,nan,nan,nan,nan,nan,nan,nan,nan,nan,nan,nan,nan,nan,nan,nan,nan,nan,nan,nan,nan,nan,nan,nan,nan,nan,nan,nan,nan,nan,40.8859613953561,40.3135162379013,40.903226172459,42.4515490669921,43.7521444673636,44.67894748026,46.702152329431,48.9785909672129,50.7899223066619,49.408,47.905,46.599,46.566,46.925,47.958,49.124,49.291,51.942,52.438,54.189,52.7,52.347,53.154,53.251
nan,nan,nan,nan,nan,nan,nan,nan,nan,nan,nan,nan,nan,nan,nan,nan,nan,nan,nan,nan,nan,nan,nan,nan,nan,nan,nan,nan,nan,nan,nan,45.397,44.965,44.25,43.565,43.045,42.905,42.788,42.719,42.659,42.563,42.508,42.757,42.959,43.096,43.236,43.407,44.029,44.96,44.915,45.7,45.329,45.687,45.31,46.259,46.312,46.171,46.195,46.011,47.035,46.8,49.869,50.19,49.992
nan,nan,nan,nan,nan,nan,nan,nan,nan,nan,nan,nan,nan,nan,nan,nan,nan,nan,nan,nan,nan,nan,nan,nan,nan,nan,nan,nan,nan,nan,nan,69.525,69.478,69.683,69.925,70.17,70.387,70.66,71.062,71.46,70.045,70.032,70.019,70.006,69.993,69.98,72.72,71.02,71.81,72.12,72.05,71.98,68.62,69.3,71.37,67.08,67.36,68.63,71.8,70.683,69.68,68.08,69.92,70.999
nan,nan,nan,nan,nan,nan,nan,nan,nan,nan,nan,nan,nan,nan,nan,nan,nan,nan,nan,nan,nan,nan,nan,nan,nan,nan,nan,nan,nan,nan,nan,nan,nan,nan,nan,nan,nan,nan,nan,nan,nan,60.7355041914986,61.6366687752239,61.2100654552644,62.4715450275972,62.902286121684,63.2411365578405,63.0471775624799,63.7175365847187,62.922,nan,61.741,58.104,58.365,58.137,57.447,56.747,56.317,56.665,57.351,51.85,53.004,56.901,58.512
nan,nan,nan,nan,nan,nan,nan,nan,nan,nan,nan,nan,nan,nan,nan,nan,nan,nan,nan,nan,nan,nan,nan,nan,nan,nan,nan,nan,nan,nan,nan,70.445,70.437,70.417,70.383,70.338,70.348,70.349,70.338,70.315,70.279,70.324,70.347,70.354,70.354,70.349,70.412,70.466,70.507,70.528,70.522,70.636,70.728,70.797,70.845,70.877,70.8,70.705,70.596,70.48,69.81,69.872,70.453,70.578
nan,nan,nan,nan,nan,nan,nan,nan,nan,nan,nan,nan,nan,nan,nan,nan,57.1431924152792,56.879433607572,57.4858811738939,58.8788808336854,59.4255504941159,60.0878053943307,57.2866620489061,56.9473362835469,57.6676975105571,58.7526774056097,59.7650918432307,60.6104686594634,61.6611692718088,62.1867601507059,61.6861104096106,59.7093798922371,58.3458221688415,57.9040512679733,58.3826605537446,58.6729161894717,58.4529280109572,58.9687997251555,59.7345598009466,60.5593348088581,61.2712538873075,61.1499910689472,61.7366349397418,62.4445766775475,62.6379987179588,62.6034766930864,62.8352563759005,63.3067486748599,63.3487013011214,61.584,61.568,61.796,61.903,62.046,61.654,61.582,61.282,61.803,61.955,62.294,58.108,60.468,61.982,62.061
nan,nan,nan,nan,nan,nan,nan,nan,nan,nan,nan,nan,nan,nan,nan,nan,nan,nan,nan,nan,nan,nan,nan,nan,nan,nan,nan,nan,nan,nan,nan,67.211339597559,66.3712769994766,65.6824174107594,64.7342582292694,64.8187330443366,65.0112582494031,64.5822699676549,65.5447540798411,65.7256468919252,65.5695998966464,66.112681286849,65.7403810605812,65.0525605595717,64.3704236584746,64.0046143564847,64.6605348408936,65.1596116426691,65.9025959353204,65.429,63.778,64.481,64.491,64.331,64.632,64.876,65.196,65.161,65.256,65.233,64.597,63.942,63.775,64.833
nan,nan,nan,nan,nan,nan,nan,nan,nan,nan,nan,nan,nan,nan,nan,nan,nan,nan,nan,nan,nan,nan,nan,nan,nan,nan,nan,nan,nan,nan,nan,nan,nan,nan,nan,nan,52.2813407176699,52.3911253889923,52.418513911412,50.3795397511131,50.0982821312205,49.3153875148593,48.9835597864523,49.6842810282666,49.8251595323614,50.5539487242112,51.7487681367592,52.4645219801344,53.1496313717007,51.891,55.191,57.007,57.436,57.846,57.875,58.099,57.972,58.341,58.354,58.319,50.405,52.188,55.092,55.891
nan,nan,nan,nan,nan,nan,nan,nan,nan,nan,nan,nan,nan,nan,nan,nan,nan,nan,nan,nan,nan,nan,nan,nan,nan,nan,nan,nan,nan,nan,nan,nan,nan,nan,nan,nan,nan,nan,nan,nan,74.0761640253582,nan,nan,nan,nan,nan,nan,nan,nan,nan,68.917,nan,nan,nan,nan,nan,nan,nan,nan,nan,nan,nan,nan,nan
nan,nan,nan,nan,nan,nan,nan,nan,nan,nan,nan,nan,nan,nan,nan,nan,nan,nan,nan,nan,nan,nan,nan,nan,nan,nan,nan,nan,nan,nan,nan,65.554,65.493,65.41,65.316,65.218,65.213,65.197,65.17,65.147,65.123,65.1,65.077,65.054,65.03,65.007,64.984,64.96,64.937,64.914,64.89,64.867,64.844,64.82,64.797,64.774,64.75,64.727,64.703,64.68,64.065,64.175,64.375,64.437
nan,nan,nan,nan,nan,nan,nan,nan,nan,nan,nan,nan,nan,nan,nan,nan,nan,nan,nan,nan,nan,nan,nan,nan,nan,nan,nan,nan,nan,nan,nan,82.449,82.455,82.444,82.413,82.362,82.328,82.273,82.202,82.121,82.037,81.988,81.937,81.884,81.831,81.776,81.758,81.73,80.015,78.181,76.23,75.238,74.219,73.173,72.1,72.059,72.02,71.97,71.909,71.84,71.157,70.882,71.862,71.953
nan,nan,nan,nan,nan,nan,nan,nan,nan,nan,nan,nan,nan,nan,nan,nan,nan,nan,nan,nan,nan,nan,nan,nan,nan,nan,nan,nan,nan,nan,nan,72.405,72.443,72.471,72.482,72.465,72.508,72.526,72.523,72.51,72.499,72.529,72.55,72.565,72.575,72.58,71.693,70.79,69.869,68.933,67.98,67.012,66.03,66.043,66.043,66.03,66.03,66.011,65.975,65.926,65.299,65.708,65.766,65.776
nan,nan,nan,nan,nan,nan,nan,nan,nan,nan,nan,nan,nan,nan,nan,nan,nan,nan,nan,nan,nan,nan,nan,nan,nan,nan,nan,nan,nan,nan,nan,68.74,68.643,68.541,68.443,68.353,68.275,68.204,68.14,68.08,68.024,68.001,67.974,67.947,67.928,67.92,67.9,67.888,67.881,67.87,67.849,67.92,67.969,68.001,68.018,68.02,67.994,67.951,67.892,67.817,66.976,67.439,67.741,67.857
nan,nan,nan,nan,nan,nan,nan,nan,nan,nan,nan,nan,nan,nan,nan,nan,nan,nan,nan,nan,nan,nan,nan,nan,nan,nan,nan,nan,nan,nan,nan,nan,nan,nan,nan,nan,nan,nan,nan,nan,nan,57.4626868086125,56.9519716216523,58.5203483157277,57.5386899038993,58.1111349188234,nan,56.4808522125322,56.5511176840906,58.497,59.598,60.573,61.302,61.061,61.105,61.282,60.502,60.027,59.139,57.718,50.441,53.067,56.505,57.633
nan,nan,nan,nan,nan,nan,nan,nan,nan,nan,nan,nan,nan,nan,nan,nan,nan,nan,nan,nan,nan,nan,nan,nan,nan,nan,nan,54.4374298702806,54.4830894735016,54.8808868402866,54.7618108103738,53.4684843935753,53.4778463764565,54.299893332863,54.7146930005487,55.0276789350872,52.51924545086,54.8228278170626,56.5131264053878,56.1731793555878,55.8790571342239,57.4292337224969,56.8060687826096,57.0128525449576,55.9809623106834,57.9892877720325,58.1783832154164,59.7742138382145,59.1643423844056,56.753,55.297,52.92,56.403,56.44,56.514,55.357,52.819,53.474,54.426,55.154,48.503,50.38,52.538,50.436
nan,nan,nan,nan,nan,nan,nan,nan,nan,nan,57.2391295016525,56.7393561786085,56.4232626495905,56.4583116802128,55.3926042161336,53.79107183322,53.3810805811874,53.1349717064002,53.1634763565577,53.5329798344982,53.7091363807784,53.1366575600935,52.1454914434015,51.1912487613422,51.1123591153801,51.4087389700913,51.9063004846526,52.0386023422076,52.2067492035634,52.5279824245752,53.1084180106273,55.789756527191,54.5746507222353,53.4651722316765,52.8550555230859,52.7070342094527,52.3103938699097,51.8876651345647,52.5262292006407,52.9805192908671,53.093789127333,53.0361026533275,52.317441071609,51.644646793551,51.2562382920307,51.9585072882974,52.9487853761851,54.0897922081611,54.8447989553912,54.866,55.319,56.618,56.827,57.188,57.402,57.384,58.49,58.914,59.207,59.974,58.28,58.264,59.339,59.795
nan,nan,nan,nan,nan,nan,nan,nan,nan,nan,nan,nan,nan,nan,nan,nan,nan,nan,nan,nan,nan,nan,nan,70.2526551822014,72.1611374798187,73.9266452160689,76.2915657763988,76.0753539954999,76.694683021059,75.252021870352,75.416699738165,74.6388723723566,74.4747767216136,72.3624489060448,72.4323537278226,73.9303730472727,74.0074950181186,75.4293036592561,75.328807509527,76.4665239394059,62.5911088684343,62.9588751596101,62.5840175776336,61.9848513872886,62.4374661973473,62.5609262509799,63.5122375158667,63.3773519745944,62.9961042565024,60.305,58.626,58.186,57.501,56.928,57.054,57.541,58.047,58.163,58.76,59.358,58.576,59.446,60.74,60.552
nan,nan,nan,nan,nan,nan,nan,nan,nan,nan,nan,nan,nan,nan,nan,nan,nan,nan,nan,nan,nan,nan,nan,nan,nan,nan,nan,nan,nan,nan,nan,56.705,57.085,57.314,57.347,57.511,57.689,57.986,58.198,58.379,58.51,57.28,57.57,56.63,56.85,56.62,57.3,57.21,57.59,55.47,56.71,58.16,59.43,59.27,59.53,62.01,62.45,62.37,63.77,64.89,60.36,63.17,63.222,63.932
nan,nan,nan,nan,nan,nan,nan,nan,nan,nan,nan,nan,nan,nan,nan,nan,nan,nan,nan,nan,nan,nan,nan,nan,nan,nan,nan,nan,nan,nan,nan,44.01,44.153,44.511,44.812,44.875,44.92,44.65,44.38,44.11,43.841,43.572,43.303,43.035,42.767,42.499,42.233,41.966,41.7,41.43,41.71,41.855,42.0,43.2,40.74,41.708,41.871,41.824,41.78,41.769,39.427,39.863,41.817,42.324
nan,nan,nan,nan,nan,nan,nan,nan,nan,nan,nan,nan,nan,nan,nan,nan,nan,nan,nan,nan,nan,nan,nan,nan,nan,nan,nan,nan,nan,nan,nan,63.374,63.353,63.322,63.518,63.523,63.48,64.25,66.38,64.929,63.45,64.082,64.708,65.33,67.47,66.98,67.95,66.77,66.55,64.01,62.68,61.78,62.45,62.26,62.62,65.66,67.67,68.15,66.66,66.18,60.09,65.78,65.89,65.435
nan,nan,nan,nan,nan,nan,nan,nan,nan,nan,nan,nan,nan,nan,nan,nan,nan,nan,nan,nan,nan,nan,nan,nan,nan,nan,nan,nan,nan,nan,nan,46.72,47.19,47.89,48.88,47.92,47.279,46.639,46.0,47.52,46.222,44.93,43.19,44.129,45.073,46.02,46.97,47.93,47.55,47.9,49.37,48.79,48.49,48.44,48.12,46.98,46.63,44.95,43.3,42.2,41.62,42.99,43.767,44.019
nan,nan,nan,nan,nan,nan,nan,nan,nan,nan,nan,nan,51.2781893004115,51.9500508321486,50.7304628270235,49.6322857120141,51.108688320143,50.2433468353249,48.8867213001436,47.6086841127448,45.6959337191738,43.9467307883799,42.9560091693046,42.2270439596363,40.5321646136062,39.4645693533828,39.6044638780113,40.9201340312421,41.8239606501857,42.7019431215221,43.3071745931592,43.2609531505581,41.9838140291321,39.8085200273725,39.183686403752,39.7827110873865,40.377011265574,41.3453620171177,42.6054570827008,44.5562008095004,46.369444336081,47.449003823229,48.3525516210507,49.4232317076131,50.4950207684022,52.5077114255446,53.6822171708411,54.3966813029729,53.3200853146914,49.434,48.309,47.426,45.427,44.357,45.033,46.408,47.601,48.701,49.703,50.368,48.517,49.676,50.901,51.686
nan,nan,nan,nan,nan,nan,nan,nan,nan,nan,nan,nan,nan,nan,nan,nan,nan,nan,nan,nan,nan,nan,nan,nan,nan,nan,nan,nan,nan,nan,nan,77.892,77.916,77.929,77.93,78.328,78.72,79.108,79.49,79.867,80.239,80.605,80.967,81.323,81.674,82.02,81.924,81.827,81.731,81.633,81.536,81.437,81.339,81.24,81.102,80.964,80.851,80.735,80.618,80.506,79.741,80.293,80.214,80.285
nan,nan,nan,72.1147201105736,72.1976149914821,71.9499831023994,71.5577889447236,69.2639257294429,67.2798948751642,67.9344262295081,70.3606557377049,69.921875,69.277885235332,70.2840727736993,71.7046894803548,71.0053577056413,69.5952306244116,68.4095178459611,67.2172016204424,68.8916485563489,70.744516527649,71.0558624923265,71.3806766229808,71.4718352513628,71.7509025270758,72.2804914593946,72.0263000597728,71.6631830397133,71.9665271966527,67.8926174496644,67.584915752875,63.8054743555673,59.0224570673712,55.219563502498,54.3767964463025,55.3934340802501,56.0488058151609,56.7581563956499,57.8390923156266,59.5733744538678,60.3947705716482,61.0897927858787,61.0671432218534,60.7743250127356,60.6245239908606,61.2405063291139,62.2508200857935,63.0746043707611,63.7702871410736,61.596,60.964,55.454,55.327,54.513,54.023,53.637,53.621,53.966,55.246,55.622,54.653,62.408,64.094,64.13
nan,nan,nan,nan,nan,nan,nan,nan,nan,nan,nan,nan,nan,nan,nan,56.0202948303715,55.8619311653928,55.8006535947712,55.3453563979879,55.4222135846856,55.2566414232479,54.4743742550655,54.0587873337435,53.4167017938269,52.5042375833004,52.1256761422488,52.1688507374092,51.6835131040408,51.39772421826,51.6818010257321,51.4627483808432,51.108182317408,50.7526599812108,50.1682843680107,49.7139773340528,50.0429221392394,50.0544278670679,49.5713436889907,49.8269604119186,50.1122181436811,51.1204598467177,51.4640547186576,51.5328377465134,51.4474704993671,51.230918735069,51.1457121072274,51.1068641503424,51.6433967488035,52.0633359559402,51.301,51.202,51.012,50.875,50.561,50.335,50.257,50.308,50.508,50.743,50.658,50.167,51.456,52.071,52.186
nan,nan,nan,nan,nan,nan,nan,nan,nan,nan,nan,nan,nan,nan,nan,nan,nan,nan,nan,nan,nan,nan,nan,nan,54.7217712978266,55.1567965725786,55.3265463995547,55.7908115494654,57.5457438302566,59.2927689896518,59.6567647632962,58.25852582808,56.8500155631642,56.0395599511056,56.3485716824381,56.7916832912178,57.1475938902274,58.0933369406381,58.3089963629165,58.8670365481884,59.3665422990423,59.4885162474987,59.5800654635396,59.8028946198744,59.6572818655608,59.765994827495,59.8221876865565,59.8823443197385,59.6216483005102,58.287,57.872,57.598,57.814,58.266,58.982,59.847,60.036,60.557,60.667,61.075,60.473,59.932,60.662,60.946
nan,nan,nan,nan,nan,nan,nan,nan,nan,nan,nan,nan,nan,nan,nan,nan,nan,nan,nan,nan,nan,nan,nan,nan,nan,nan,nan,nan,nan,nan,nan,77.54,77.227,76.91,76.591,76.268,75.943,75.614,75.282,74.948,74.61,74.272,73.932,73.589,73.243,72.893,72.542,72.187,71.829,71.469,71.106,70.74,70.371,70.0,69.626,69.25,69.202,69.144,69.08,69.014,68.358,68.27,68.919,68.819
nan,nan,nan,nan,nan,nan,nan,nan,nan,nan,nan,nan,nan,nan,nan,nan,nan,nan,nan,nan,nan,nan,nan,nan,nan,nan,nan,nan,nan,nan,nan,63.83,63.926,63.995,64.042,64.069,64.164,64.231,64.274,64.291,64.283,64.367,64.42,63.773,63.12,62.463,61.801,61.134,60.464,59.789,59.111,58.429,57.744,57.056,56.365,55.672,54.977,54.279,53.58,52.88,52.378,52.365,52.673,52.75
nan,nan,nan,nan,nan,nan,nan,nan,nan,nan,nan,nan,nan,nan,nan,nan,nan,nan,nan,nan,nan,nan,nan,54.9063854225983,54.8202724290737,55.1954642340232,54.9506362992204,54.6702133851132,55.1011790096838,55.2234477397747,54.8264477005106,53.0690213014641,53.6293875745823,53.5139483735864,54.0648555146576,54.5092082461203,54.9212465852253,54.8462481988064,55.5986572473594,55.3967505202219,46.2504733770749,45.8948796033914,46.4165821674677,47.1413016876859,47.2736301422724,47.6145321668524,48.2980201788475,48.4900892045045,48.8647929202171,48.308,46.702,43.256,39.54,37.737,38.097,39.049,39.874,40.893,41.881,42.962,42.685,43.33,45.752,46.403
nan,nan,nan,nan,nan,nan,nan,nan,nan,nan,nan,nan,nan,nan,nan,nan,nan,nan,nan,nan,nan,nan,nan,nan,nan,nan,nan,nan,nan,nan,nan,62.359,62.45,62.506,62.57,62.673,62.695,62.777,62.886,62.946,62.994,62.99,63.054,63.068,63.11,62.673,62.235,61.794,61.351,60.906,60.46,61.4,65.12,60.22,60.73,60.6,60.69,60.94,60.5,59.17,57.611,58.946,60.24,60.508
nan,nan,nan,nan,nan,nan,nan,nan,nan,nan,nan,nan,nan,nan,nan,nan,nan,nan,nan,nan,nan,nan,nan,nan,nan,nan,nan,nan,nan,nan,nan,63.45,62.28,62.45,62.49,61.97,61.78,61.77,61.99,61.332,60.67,61.43,61.83,61.35,61.27,60.99,61.26,61.22,60.88,60.77,59.59,60.07,60.5,61.22,61.06,61.14,61.05,61.12,61.28,60.67,59.71,59.38,58.21,57.597
nan,nan,nan,nan,nan,nan,nan,nan,nan,nan,nan,nan,nan,nan,nan,nan,nan,nan,nan,nan,nan,nan,nan,nan,nan,nan,nan,nan,nan,nan,nan,65.666,65.802,65.954,65.84,65.978,65.934,66.006,66.035,65.88,64.38,63.845,63.306,62.764,62.218,61.67,59.86,58.96,59.58,60.81,61.91,59.73,58.4,62.66,64.15,64.09,63.32,64.36,66.75,64.59,60.29,62.398,62.614,62.763
nan,nan,nan,nan,nan,nan,nan,nan,nan,nan,nan,nan,nan,nan,nan,nan,nan,nan,nan,nan,nan,nan,nan,nan,nan,nan,nan,nan,nan,nan,nan,nan,nan,nan,nan,nan,nan,nan,nan,nan,nan,nan,43.5878785013406,43.1877934950105,43.6745499714745,43.3722520672501,43.7153858193575,47.683800568639,48.586827005762,48.228,46.473,44.747,43.183,42.071,43.308,44.201,44.592,45.823,46.871,47.721,47.196,47.84,48.66,49.082
nan,nan,nan,nan,nan,nan,nan,nan,nan,nan,nan,nan,nan,nan,nan,nan,nan,nan,nan,nan,nan,nan,nan,nan,nan,nan,nan,nan,nan,nan,nan,66.419,66.087,65.753,65.417,65.08,64.623,64.164,63.702,63.237,62.77,62.983,63.196,63.408,63.619,63.83,64.191,64.551,64.909,65.265,65.62,65.801,65.763,65.827,65.905,65.914,65.929,65.968,65.983,65.864,65.238,65.591,65.441,65.495
nan,nan,nan,nan,nan,nan,nan,nan,nan,nan,nan,nan,nan,nan,nan,nan,nan,nan,nan,nan,nan,nan,nan,nan,nan,nan,nan,nan,nan,nan,nan,nan,52.5072013542391,48.92617546723,47.8323380699721,47.0459604110515,46.7238733691714,46.7474354541096,47.3777773759319,48.9147010689986,49.5687376788637,49.7696976248582,49.8660169167487,50.6384843624649,50.5154637277348,50.5231401096066,50.9070879779394,50.6523179167448,50.0442134235137,50.734,50.554,51.024,51.844,52.949,55.757,57.511,59.703,60.967,61.979,62.603,62.133,62.977,64.086,64.622
nan,nan,nan,nan,nan,nan,nan,nan,nan,nan,nan,nan,nan,nan,nan,nan,nan,nan,nan,nan,nan,nan,nan,nan,nan,nan,nan,nan,nan,nan,nan,nan,nan,nan,nan,nan,nan,nan,nan,nan,63.637612935665,63.045876128309,61.6198526314011,61.2991617977496,nan,60.1534307860356,59.5602621058647,60.4996312863737,61.5888852520318,62.014,62.845,63.454,64.377,63.863,63.927,63.573,63.462,64.171,63.664,63.925,nan,nan,nan,nan
nan,nan,nan,nan,nan,nan,nan,nan,nan,nan,nan,nan,nan,nan,nan,nan,nan,nan,nan,nan,nan,nan,nan,55.7257073319135,nan,nan,nan,nan,55.0907225748541,nan,nan,nan,nan,nan,58.3245795148573,nan,nan,nan,nan,nan,56.1949260702502,nan,nan,nan,nan,57.7544607091176,55.923072449395,nan,54.4739419648005,nan,52.885,nan,51.466,nan,nan,nan,nan,nan,44.144,44.258,46.674,47.889,48.307,51.834
nan,53.9252001433862,nan,nan,nan,nan,53.4158589279458,nan,nan,nan,nan,51.4758573622248,nan,nan,nan,48.4077771939043,nan,47.8912460128601,nan,49.7215437225207,nan,47.4103087628651,nan,45.9721966488676,44.6493459302325,44.2774357116986,43.2470230959801,44.1540454809453,44.1616899901952,44.248142049753,46.0666225457754,44.514751552795,44.8933253363036,44.9666131349843,45.1998178043935,47.1800553608763,47.9271646606188,49.2178248897892,52.1048203271656,54.6310248145339,57.0363656534124,57.7051894432691,57.4587254899453,57.4513080987055,58.1114048507102,59.3362774109562,60.4256548729289,63.3440624991963,61.5028446787323,55.994,53.496,52.421,52.094,53.427,54.411,55.684,56.98,57.818,58.646,59.41,57.896,59.66,62.374,63.05
nan,nan,nan,nan,nan,nan,nan,nan,nan,nan,nan,nan,nan,nan,nan,nan,nan,nan,nan,nan,nan,nan,nan,nan,nan,nan,nan,nan,nan,nan,nan,46.11,45.509,44.909,44.311,43.715,43.12,43.376,43.633,43.89,44.148,44.406,44.664,44.922,45.181,45.44,44.57,43.66,41.44,42.37,41.6,39.99,40.56,40.54,40.23,41.35,42.59,43.74,44.03,43.69,40.95,40.57,42.317,42.607
nan,nan,nan,nan,nan,nan,nan,nan,nan,nan,nan,nan,nan,nan,nan,nan,nan,nan,nan,nan,nan,nan,nan,nan,nan,nan,nan,nan,nan,nan,nan,42.616,42.419,42.444,42.458,42.407,42.4,42.26,42.205,42.15,42.095,42.04,41.985,41.93,41.875,41.82,41.765,41.71,41.566,41.422,41.278,41.134,40.99,41.957,42.93,43.04,43.15,41.89,41.836,41.492,39.372,39.66,40.99,41.418
nan,nan,nan,nan,nan,nan,nan,nan,nan,nan,nan,nan,nan,nan,nan,nan,nan,nan,nan,nan,nan,nan,nan,nan,nan,51.7596364989376,51.5468653652668,53.1181198058375,54.1685631526107,53.0810629202817,51.9377460691629,51.5648964318223,51.6300165356938,53.5108441027841,55.7309332591399,56.7485693275286,56.3396844509987,55.3309597575958,54.2542579834891,54.3766788833857,54.8772192653101,54.5204810552413,53.2433681999762,53.2000397131993,53.9228975822245,55.2285617279087,55.8972025763135,57.1273808702721,58.1102661038681,57.201,58.054,58.589,59.222,59.726,60.424,60.729,61.06,61.307,61.371,61.088,59.118,58.724,60.877,61.347
nan,nan,nan,nan,nan,nan,nan,nan,nan,nan,52.0308971668117,51.8659759538741,51.0046981369065,51.0798592258547,51.5460764990256,51.3950762016412,51.4723026072168,53.3864541832669,53.1547361591695,53.3916027669043,53.9045176458016,53.9948933453907,53.5113879285318,52.5796425796425,52.0013333675222,51.9167133329939,51.9185869454877,51.9215148746065,52.042789342842,52.0486733483123,52.6149921212576,52.6109692929192,52.3364718157652,43.561044371042,42.5907342364943,42.0730819624399,42.0937072786776,42.1075428500711,42.3767829983146,42.7879981131688,43.3894836701039,44.0749362417707,44.5474129171239,44.9791809245964,45.5146580657263,45.2614087869205,45.7511509639888,45.7905883476688,45.8003679899431,44.72,44.173,44.118,43.853,42.865,42.836,43.142,43.715,44.228,44.572,44.895,43.94,43.96,45.138,46.068
nan,nan,nan,nan,nan,nan,nan,nan,nan,nan,nan,nan,nan,nan,nan,nan,nan,nan,nan,nan,nan,nan,nan,nan,nan,nan,nan,nan,nan,nan,nan,39.243,39.016,39.219,39.374,39.441,39.51,39.506,39.504,39.475,39.4,38.8,38.4,37.4,37.849,38.3,37.7,39.8,39.5,40.1,39.5,39.0,38.0,37.1,36.4,37.66,38.937,40.23,39.18,39.24,39.95,38.67,39.264,39.441
nan,nan,nan,nan,nan,nan,nan,nan,65.1641479937467,64.7950661698573,64.5909955611921,64.2105263157894,63.5811648079306,63.89900461277,62.7876318312559,61.8500532985905,61.7096018735363,61.8700034758428,61.9527847811139,62.1119419895762,61.9655249608238,61.8456078083407,61.9624835454146,62.0951142888094,61.7483415364861,61.3329108576256,61.0659157279933,60.8046923235233,61.0276198212835,61.4235588972431,62.063838223632,62.4803921568627,62.608188271905,62.189006750241,61.7711823839157,61.4213680905717,61.3397672438262,61.5254714325921,60.7459207459207,59.9072786277236,59.453723355172,58.9105272827484,57.9390500594856,57.6056209508166,57.5820976985354,57.745071318252,57.9257780600671,58.0677290836653,57.7723488961274,56.842,56.649,56.634,56.498,56.935,57.318,57.574,58.153,58.79,60.031,60.579,60.253,60.359,60.931,61.258
nan,nan,nan,nan,nan,nan,nan,nan,nan,nan,nan,nan,nan,nan,nan,nan,nan,nan,nan,nan,nan,nan,nan,nan,nan,nan,nan,nan,nan,nan,nan,73.278,73.155,73.013,72.867,72.728,72.622,72.541,72.471,72.39,72.512,72.633,72.754,72.874,72.994,73.114,73.234,73.353,73.472,73.59,73.708,73.826,73.944,74.061,74.177,74.294,74.41,74.24,74.065,73.882,73.18,73.699,73.664,73.722
nan,nan,nan,nan,nan,nan,nan,nan,nan,nan,nan,nan,nan,nan,nan,nan,nan,nan,nan,nan,nan,nan,nan,nan,nan,nan,nan,nan,nan,nan,nan,77.992,77.831,77.81,80.155,79.831,79.69,79.054,78.404,77.739,77.059,76.365,75.657,74.934,74.198,73.447,72.683,71.905,71.113,70.309,69.492,68.662,67.82,69.083,70.318,71.524,72.7,73.845,74.958,76.04,75.317,76.077,76.024,75.789
nan,nan,nan,nan,nan,nan,nan,nan,nan,nan,nan,nan,nan,nan,nan,nan,nan,nan,nan,nan,55.9398250347477,55.8764940239043,56.0764430577223,55.3296200213642,53.7095633399099,54.3408826945412,54.9245376603131,56.4753418980522,56.9889204161599,58.0175119775317,58.550246050246,59.1438084667829,59.3623134095309,59.1360491929285,60.0617321309689,60.6571988828807,60.8337952562943,60.8665710186513,56.3992305080909,56.752901692071,58.5015086577184,59.0414664962074,60.0619223223005,59.3996835087426,60.0499848889442,59.8931251950619,60.0232452781373,60.1362443804259,59.7717187716056,58.776,58.869,59.261,59.619,59.804,60.514,60.541,60.563,60.835,60.709,60.945,60.074,60.499,62.062,62.58
nan,nan,nan,nan,nan,nan,nan,nan,nan,nan,nan,nan,nan,nan,nan,nan,nan,nan,nan,nan,nan,nan,nan,nan,nan,nan,nan,nan,nan,nan,nan,65.589,65.443,65.275,64.988,64.752,64.514,64.274,64.17,63.902,63.705,63.509,63.304,63.094,62.874,62.628,62.325,62.074,61.819,61.581,61.307,61.055,60.809,60.568,60.348,60.146,59.958,59.78,59.626,59.5,58.935,58.728,59.485,59.619
nan,nan,nan,nan,nan,nan,nan,nan,nan,nan,nan,nan,nan,nan,nan,nan,nan,nan,nan,nan,nan,nan,nan,nan,nan,nan,nan,nan,nan,nan,nan,44.542,44.188,44.097,44.08,44.082,43.702,43.761,43.691,43.85,43.961,43.938,43.998,44.092,44.02,43.813,43.606,43.4,43.853,44.307,44.763,45.219,45.676,46.133,46.592,47.05,47.51,47.97,48.43,48.89,44.226,45.45,45.517,45.49
nan,nan,nan,nan,nan,nan,nan,nan,nan,nan,nan,nan,nan,nan,nan,nan,nan,nan,nan,nan,nan,nan,nan,nan,nan,nan,nan,nan,nan,nan,nan,77.715,77.63,77.523,77.433,77.409,77.36,77.317,77.288,77.251,77.177,77.212,77.225,77.219,77.212,77.223,77.247,77.268,77.286,77.289,77.267,77.25,77.216,77.164,77.097,77.017,76.94,76.853,76.758,76.658,75.93,76.319,76.66,76.864
nan,nan,nan,nan,nan,nan,nan,nan,nan,nan,nan,nan,nan,nan,nan,nan,nan,nan,nan,nan,nan,nan,nan,nan,nan,nan,nan,nan,nan,nan,nan,59.057,56.62,56.72,57.04,54.88,55.4,55.24,58.82,57.31,55.57,55.343,55.116,54.888,54.66,54.432,54.204,53.976,53.747,53.519,53.29,52.87,52.57,52.05,51.6,53.67,53.73,53.99,51.72,52.25,50.49,51.108,51.256,50.928
nan,nan,nan,nan,nan,nan,nan,nan,nan,nan,nan,nan,nan,nan,nan,nan,nan,nan,nan,nan,nan,nan,nan,nan,nan,nan,nan,nan,nan,nan,nan,50.916,51.206,51.416,51.054,51.549,51.103,51.391,51.228,51.374,51.459,51.27,50.69,50.673,50.657,50.64,50.623,50.607,50.59,50.1,49.61,49.16,48.41,48.31,48.06,47.47,46.55,45.5,45.775,46.079,44.681,45.3,44.3,44.038
nan,nan,nan,nan,nan,nan,nan,nan,nan,nan,nan,nan,nan,nan,nan,nan,nan,nan,nan,nan,nan,nan,nan,nan,nan,nan,nan,nan,nan,nan,nan,86.267,86.25,86.229,86.222,86.229,86.31,86.39,86.461,86.518,86.557,86.62,86.694,86.681,86.658,86.614,86.62,86.612,86.589,86.554,86.507,86.449,86.384,86.315,86.229,86.133,85.953,85.794,85.655,85.521,84.656,84.971,85.151,85.198
nan,nan,nan,nan,nan,nan,nan,nan,nan,nan,nan,nan,nan,nan,nan,nan,nan,nan,nan,nan,nan,nan,nan,nan,nan,nan,nan,nan,nan,nan,nan,56.0810729717755,56.7732296873755,57.4960970006968,56.8301842163618,55.2534091855703,56.0937876480651,57.9590359207111,58.2111159582805,58.0190327185003,57.6938370959834,56.8418740679319,56.7677423174029,56.1670544661156,57.1650720012283,57.2179667995969,57.9878650577138,57.9226307565964,57.6137536138536,56.683,56.497,56.666,57.456,57.315,56.886,57.216,57.374,57.309,57.6,58.005,55.09,56.406,57.801,58.715
nan,nan,nan,nan,nan,nan,nan,nan,nan,nan,nan,nan,nan,nan,nan,nan,nan,nan,nan,nan,nan,nan,nan,nan,nan,nan,nan,nan,nan,nan,nan,70.248,70.258,70.253,70.234,70.199,70.226,70.224,70.206,70.186,70.171,70.197,70.22,70.24,70.256,70.268,70.336,70.387,70.425,70.452,70.466,70.539,70.587,70.612,70.62,70.56,69.865,69.16,68.277,67.378,65.92,66.015,66.693,67.006
nan,nan,nan,nan,nan,nan,nan,nan,nan,nan,nan,nan,nan,nan,nan,nan,nan,nan,nan,nan,nan,nan,nan,nan,nan,nan,nan,nan,nan,nan,nan,75.783,75.257,74.948,74.554,74.196,73.874,73.604,73.323,72.745,72.015,71.422,70.797,70.085,69.4,68.727,68.092,67.521,67.046,66.569,66.149,65.923,65.625,65.288,64.976,64.71,63.375,62.02,62.36,60.5,60.15,55.19,55.173,55.46
nan,nan,nan,nan,nan,nan,nan,nan,nan,nan,nan,nan,nan,nan,nan,nan,nan,nan,nan,nan,nan,nan,nan,nan,nan,nan,nan,nan,nan,nan,nan,60.609,61.067,61.245,61.186,60.953,60.893,60.767,60.665,60.576,60.565,60.484,60.336,60.108,60.081,60.054,60.027,60.0,58.4,58.47,59.36,60.59,60.041,59.49,60.09,59.82,58.73,59.56,59.47,62.95,60.88,58.67,60.542,60.069
nan,nan,nan,nan,nan,nan,nan,nan,nan,nan,nan,nan,nan,nan,nan,nan,nan,nan,nan,nan,nan,nan,nan,nan,nan,nan,nan,nan,nan,nan,nan,84.278,84.149,84.05,83.969,83.895,83.926,83.94,83.694,83.446,83.194,82.94,82.682,82.421,82.158,81.891,81.621,81.348,81.071,80.792,80.51,80.224,79.935,79.643,79.348,79.05,79.005,78.949,78.886,78.819,78.07,78.087,78.906,79.027
nan,nan,nan,nan,nan,nan,nan,nan,nan,nan,nan,nan,nan,nan,nan,nan,nan,nan,nan,nan,nan,nan,nan,nan,nan,nan,nan,nan,nan,nan,nan,46.432,46.384,46.336,46.288,46.24,46.192,46.144,46.096,46.048,46.0,45.795,45.59,45.385,45.181,44.976,44.772,44.568,44.364,44.16,43.956,43.753,43.55,43.057,42.566,42.075,41.587,41.1,41.038,40.97,40.581,40.376,41.026,41.186
nan,nan,nan,nan,nan,nan,nan,nan,nan,nan,nan,nan,nan,nan,nan,nan,nan,nan,nan,nan,nan,nan,nan,nan,nan,nan,nan,nan,nan,nan,nan,80.373,80.385,80.365,80.353,80.376,80.452,80.536,80.621,80.685,80.716,80.78,80.807,80.809,80.806,80.81,79.691,78.524,77.309,76.046,74.737,73.38,72.466,71.534,70.582,69.612,68.625,67.62,68.024,68.416,68.27,68.318,68.907,68.966
nan,nan,nan,nan,nan,nan,nan,nan,nan,nan,nan,nan,nan,nan,nan,nan,nan,nan,nan,nan,nan,nan,nan,nan,nan,nan,nan,nan,nan,nan,nan,61.437,61.382,61.309,61.264,61.234,61.217,61.229,61.34,61.352,61.308,61.255,61.144,61.015,60.882,60.768,60.678,60.626,60.13,60.424,60.413,61.637,62.7,64.214,64.508,64.719,64.606,64.724,65.127,65.597,65.278,65.711,65.271,65.024
nan,nan,nan,nan,nan,nan,nan,nan,nan,nan,nan,nan,nan,nan,nan,nan,nan,nan,nan,nan,nan,nan,nan,nan,nan,nan,nan,nan,nan,nan,nan,79.035,79.024,78.996,78.957,78.911,78.936,78.949,78.958,78.97,78.984,79.061,79.118,79.165,79.206,79.244,79.328,79.389,79.434,79.463,79.481,79.52,77.654,75.67,73.57,73.552,73.55,73.533,73.505,73.468,72.77,72.613,73.342,73.441
nan,nan,nan,nan,nan,nan,nan,nan,nan,nan,nan,nan,nan,nan,nan,nan,nan,nan,nan,nan,nan,nan,nan,nan,nan,nan,nan,nan,nan,nan,nan,60.707,60.668,60.61,60.537,60.453,60.425,60.381,60.328,60.272,60.219,60.232,60.239,60.242,60.243,60.243,60.29,60.323,60.347,60.365,60.377,60.41,60.11,59.81,59.654,59.497,59.341,59.184,59.027,58.87,58.311,58.591,58.961,59.111
nan,nan,nan,nan,nan,nan,nan,nan,nan,nan,nan,nan,nan,nan,nan,nan,nan,nan,nan,nan,nan,nan,nan,nan,nan,nan,nan,nan,nan,nan,nan,57.895,57.821,57.717,57.763,57.91,58.45,58.966,59.48,59.832,60.183,60.532,60.881,61.229,61.575,61.92,62.264,62.607,62.949,63.289,63.628,63.966,64.302,64.637,64.97,65.113,65.246,65.383,65.186,64.977,64.332,64.425,65.31,65.567
nan,nan,nan,nan,nan,nan,nan,nan,nan,nan,nan,35.6014758333167,35.8401621327298,36.2084019007109,36.3071972664483,36.0686459169507,36.1821724831601,36.3232467797914,36.3321271328983,36.6052485760068,36.9653433365655,36.2036939802743,35.8486484433586,34.9041696774766,34.7533382926911,35.0785686276242,35.2750839909702,50.6000341200277,51.4848316611831,52.0530376541671,53.3900116247044,54.21452829372,54.917565269519,54.7864321757859,54.7961886771281,55.6821855803427,56.2996868224524,57.8156232509794,59.1237974079669,60.1279823036814,61.1372549019607,61.4929555538258,61.8524818308334,59.9211190552617,59.5018766231974,59.6711254707158,60.3519671038668,61.835955010992,62.8735472035482,62.533,61.608,61.323,61.219,61.465,60.83,61.147,61.434,62.103,62.981,63.74,63.21,64.152,65.532,66.121
nan,nan,nan,nan,nan,nan,nan,nan,nan,nan,nan,nan,60.2484472049689,60.3353991979584,59.9493487698987,59.9508599508599,62.4388539482879,63.2986111111111,63.7302133516861,64.068376068376,65.9972299168975,66.2203913491246,65.6746702739262,66.6552433173406,66.984667802385,67.6747311827956,69.482470784641,70.3703703703703,68.957654723127,66.4938431626701,65.8150064683052,64.7778493238892,64.3567532884183,64.043506078055,64.8502230720203,66.2312838483593,67.687420584498,69.6796701554075,70.9595959595959,70.9484924623115,70.7488701607497,70.7629296268877,70.5924045552943,69.5449240224351,69.2413462836855,69.0300582268353,69.4138724758185,70.8279222894121,71.8954652298393,70.391,69.269,69.036,69.185,68.643,62.596,62.187,61.499,61.076,61.679,61.817,61.011,62.927,63.947,63.33
nan,nan,nan,nan,nan,nan,nan,nan,nan,nan,nan,nan,nan,nan,nan,nan,nan,nan,nan,nan,nan,nan,nan,nan,nan,nan,nan,nan,nan,nan,nan,41.044,41.015,41.013,41.036,41.08,41.038,41.013,41.0,40.997,41.005,40.939,40.868,40.786,40.683,40.559,40.503,40.412,40.291,40.161,40.036,39.904,39.821,39.769,39.715,39.64,39.783,39.92,40.057,40.203,39.821,39.995,40.235,40.481
nan,nan,nan,nan,nan,nan,nan,nan,nan,nan,nan,nan,nan,nan,nan,nan,nan,nan,nan,nan,nan,nan,nan,nan,nan,nan,63.9052314450026,63.5474154554782,61.0977220117332,58.9514413580528,58.7593337966224,57.0613129837169,56.5997534075071,57.0863671134769,58.7516877726176,60.5566532452855,61.4781329777152,60.9825784757761,60.0144988750936,60.533443907918,61.2292826222834,62.2032635931803,62.9928555072703,63.1498971345016,64.2272041289972,65.0941039252081,65.5644412408862,65.9269163188869,65.5499650121363,63.989,63.517,63.893,63.317,63.815,64.958,65.063,66.37,67.549,67.835,67.651,67.007,68.112,68.972,69.394
nan,nan,nan,nan,nan,nan,nan,nan,nan,nan,nan,nan,nan,nan,nan,nan,nan,nan,nan,nan,nan,nan,nan,nan,nan,nan,nan,nan,nan,nan,nan,56.529,57.334,58.1,58.246,57.742,57.267,56.684,56.263,55.987,55.531,55.273,55.386,55.675,55.863,56.044,56.392,56.936,57.671,58.573,60.377,62.851,65.361,67.414,68.564,69.356,70.195,70.518,70.346,69.857,66.304,66.42,67.707,68.307
nan,nan,nan,nan,nan,nan,nan,nan,nan,nan,nan,nan,nan,nan,nan,nan,nan,nan,nan,nan,nan,nan,nan,nan,nan,nan,nan,nan,nan,nan,nan,49.68,49.68,49.2,49.15,48.36,49.24,50.12,49.95,50.18,50.41,50.43,50.45,50.59,50.73,50.38,50.03,50.05,50.08,50.54,51.0,50.77,51.11,51.45,51.0,52.03,51.683,51.337,50.99,51.6,51.725,52.73,52.718,52.74
nan,nan,nan,nan,nan,nan,nan,nan,nan,nan,nan,nan,nan,nan,nan,nan,nan,nan,nan,nan,nan,nan,nan,nan,nan,nan,nan,nan,nan,nan,nan,57.35,58.863,60.36,60.66,61.74,61.61,61.48,60.72,61.24,61.719,62.196,62.67,62.77,63.12,63.27,62.31,62.17,63.68,64.15,63.07,61.49,63.13,63.87,63.77,63.7,63.95,63.53,64.91,66.05,61.27,62.356,62.94,63.24
nan,nan,nan,nan,nan,nan,nan,nan,nan,nan,nan,nan,nan,nan,nan,nan,nan,nan,nan,nan,nan,nan,nan,nan,nan,nan,nan,nan,nan,nan,nan,nan,nan,nan,nan,nan,nan,nan,nan,nan,nan,nan,nan,nan,69.302,68.425,70.257,71.705,71.669,71.895,72.379,72.3,72.044,71.531,70.946,70.41,70.469,70.783,70.817,71.377,60.952,68.802,69.279,nan
nan,nan,nan,nan,nan,nan,nan,nan,nan,nan,nan,nan,nan,nan,nan,nan,nan,nan,nan,nan,nan,nan,nan,nan,nan,nan,nan,nan,nan,nan,nan,61.704,61.795,61.807,61.724,61.628,61.485,61.368,61.485,61.449,61.359,61.323,61.259,61.14,61.52,61.59,61.42,61.26,61.07,61.44,61.43,62.23,61.73,61.45,62.17,61.41,61.59,59.14,58.98,59.44,54.75,56.47,59.466,60.243
nan,nan,nan,nan,nan,nan,nan,nan,nan,nan,nan,nan,nan,nan,nan,nan,nan,nan,nan,nan,nan,nan,nan,nan,nan,nan,nan,nan,nan,nan,nan,nan,59.9165439371624,58.9133132968847,58.2650413869785,58.140835901661,58.3980136310644,58.8082890041374,59.1699913388696,57.5139587375757,54.9982516803294,53.4561322211924,44.3682194250394,43.9928929090615,44.324669941812,45.1583904383489,46.5277025002072,48.5478923175428,50.3616201347031,50.439,49.987,50.197,50.232,50.16,51.192,51.945,52.751,53.677,54.172,54.356,54.315,55.297,55.782,56.279
nan,nan,nan,nan,nan,nan,nan,nan,nan,nan,nan,nan,nan,nan,61.0279531109107,58.4366807081627,57.338593974175,56.9308676456067,56.3065958636109,56.9931908768822,57.1004901624263,56.9979688373297,56.5792323101077,56.9635385534967,54.9222461642306,53.4291544672167,53.3245266402465,53.9752222924959,54.8870056497175,55.6734306107037,56.2481972887222,57.8587535383581,56.573277208059,55.0729299402456,54.2388810232875,53.5420078859569,53.2369187265603,53.7583988223842,57.3554626292999,57.8074578053211,58.557522309979,59.0303195565833,58.8420358163502,58.01498823312,57.4871101199253,57.1742502222692,57.3265157792267,57.2683205187382,57.3489365377163,55.569,54.635,50.291,48.12,47.432,48.996,50.129,51.077,52.938,54.483,54.997,53.767,54.886,56.148,56.997
nan,nan,nan,nan,nan,nan,nan,nan,nan,nan,nan,nan,nan,nan,nan,nan,nan,nan,nan,nan,nan,nan,nan,nan,nan,nan,nan,nan,nan,nan,nan,69.229,69.147,69.377,69.646,70.055,69.985,70.169,69.967,69.633,69.209,68.937,68.75,67.6,71.37,70.28,67.05,68.82,69.3,69.62,67.74,67.92,71.28,69.87,67.96,67.93,69.97,70.2,71.87,72.39,70.12,71.92,70.58,70.892
nan,nan,nan,nan,nan,nan,nan,nan,nan,nan,nan,nan,nan,nan,nan,nan,nan,nan,nan,nan,nan,nan,nan,nan,nan,nan,nan,nan,nan,nan,nan,41.119,40.858,40.821,40.781,40.663,40.825,40.373,39.854,39.621,40.25,36.63,35.91,38.76,38.22,38.64,38.63,39.92,39.38,39.53,40.0,41.36,41.68,41.8,42.12,43.97,43.77,44.0,43.45,44.27,40.94,43.37,44.99,nan
nan,nan,nan,nan,nan,nan,nan,nan,nan,nan,nan,nan,nan,nan,nan,nan,nan,nan,nan,nan,nan,nan,nan,nan,nan,nan,nan,nan,nan,nan,nan,nan,nan,nan,nan,nan,nan,nan,nan,nan,58.5137453474981,57.9115760292275,52.1075815979441,50.8128083436314,50.280990960141,50.0678966122579,50.9713340226207,51.2569243529777,51.3540422051142,50.706,51.051,50.227,50.903,50.663,51.138,50.828,50.552,52.232,52.675,52.983,52.29,48.214,48.921,48.595
nan,nan,nan,nan,nan,nan,nan,nan,nan,nan,nan,nan,nan,nan,nan,nan,nan,nan,nan,nan,nan,nan,nan,nan,nan,nan,nan,nan,nan,nan,nan,nan,67.0773172246173,64.3392584254398,60.5119185892833,58.9871726188738,57.7168641827485,54.8945114420149,53.0289133326423,56.7663113593642,58.5345862233977,58.4402001993759,59.7602248810925,59.381602520072,60.3334422996711,61.2799708939285,61.6603743999576,63.0586381746446,63.2497217752827,62.019,62.702,63.883,64.91,64.771,65.33,65.289,65.676,59.489,59.817,59.421,58.428,59.364,59.837,nan
nan,nan,nan,nan,nan,nan,nan,nan,nan,nan,nan,nan,nan,nan,nan,nan,nan,nan,nan,nan,nan,nan,nan,nan,nan,nan,nan,nan,nan,nan,nan,63.539,63.11,62.49,61.774,61.162,61.204,61.336,61.58,61.84,62.0,61.905,61.775,61.598,61.416,61.27,61.174,61.109,61.069,61.029,60.972,60.929,60.859,60.773,60.692,60.626,60.529,60.46,60.38,58.45,62.66,58.13,60.162,60.521
nan,nan,nan,nan,nan,nan,nan,nan,nan,nan,nan,nan,nan,nan,nan,nan,nan,nan,nan,nan,nan,nan,nan,nan,nan,nan,nan,nan,nan,nan,nan,53.065,53.327,52.782,51.894,51.114,50.498,50.038,49.746,49.724,51.259,51.528,52.058,52.775,53.197,53.101,52.787,52.587,52.423,52.217,53.21,54.257,55.339,55.921,56.0,56.624,57.371,55.577,56.288,58.398,60.08,61.559,61.632,61.601
nan,nan,nan,nan,nan,nan,nan,nan,nan,nan,nan,nan,nan,nan,nan,nan,nan,nan,nan,nan,nan,nan,nan,nan,nan,nan,nan,nan,nan,nan,nan,50.505,50.712,50.854,51.008,51.197,51.383,51.087,50.782,50.497,50.258,50.038,49.845,49.679,49.533,49.421,49.353,49.314,49.281,49.249,49.186,49.104,49.044,48.967,48.876,48.784,48.695,48.6,48.519,48.462,48.078,48.403,48.576,47.64
nan,nan,nan,nan,nan,nan,nan,nan,nan,nan,nan,nan,nan,nan,nan,nan,nan,nan,nan,nan,nan,nan,nan,nan,nan,nan,nan,nan,nan,nan,nan,51.189,51.132,51.062,50.966,50.84,50.799,50.724,50.626,50.517,50.408,50.336,50.257,50.176,50.1,50.032,50.0,49.498,48.995,48.493,47.991,47.49,46.989,46.488,45.989,45.49,50.12,46.0,49.29,50.71,50.228,50.808,50.536,50.281
nan,nan,nan,nan,nan,nan,nan,nan,nan,nan,nan,nan,nan,nan,nan,nan,nan,nan,nan,nan,nan,nan,nan,nan,nan,nan,nan,nan,nan,nan,nan,61.757,62.338,62.856,63.489,64.236,64.794,65.314,65.57,65.916,66.119,66.173,65.4,65.455,65.414,66.152,67.144,66.669,67.826,67.978,68.705,68.91,69.55,69.492,70.271,71.151,70.885,70.58,70.125,70.446,70.308,71.219,71.251,69.255
nan,nan,nan,nan,nan,nan,nan,nan,nan,nan,nan,nan,nan,nan,nan,nan,nan,nan,nan,nan,nan,nan,nan,nan,nan,nan,nan,nan,nan,nan,nan,64.654,64.706,64.732,64.737,64.734,64.764,64.749,64.712,64.683,64.686,64.683,64.665,64.64,66.11,65.234,64.348,63.453,62.547,61.633,60.711,59.781,58.843,57.9,56.95,56.194,55.435,54.674,53.91,53.8,53.289,53.249,53.871,53.906
nan,nan,nan,nan,nan,nan,nan,nan,nan,nan,nan,nan,nan,nan,nan,nan,nan,nan,nan,nan,nan,nan,nan,nan,nan,nan,nan,nan,nan,nan,nan,60.891,61.167,62.039,62.901,61.903,60.379,60.123,62.298,61.839,61.294,60.75,60.201,61.667,60.195,60.604,60.975,61.452,60.953,60.422,59.87,59.546,60.165,60.489,59.367,58.658,59.217,58.933,58.633,59.771,56.605,59.071,59.989,60.153
nan,nan,nan,nan,nan,nan,nan,nan,nan,nan,nan,nan,nan,nan,nan,nan,nan,nan,nan,nan,nan,nan,nan,nan,nan,nan,nan,nan,nan,nan,nan,58.373,58.19,57.961,57.527,57.046,56.5,55.982,55.678,55.974,55.578,55.18,54.81,54.491,54.029,53.681,53.419,53.506,52.802,50.977,49.695,49.81,50.258,51.325,51.869,51.574,53.371,54.05,54.605,54.823,54.331,57.97,59.147,58.946
nan,nan,nan,66.1226776548832,65.5150191543446,65.5022143489813,65.414271694939,64.3684568084031,64.8048277177588,65.147808710033,65.7179885067271,65.4671256804653,65.4006366838255,65.6856934825676,67.0053937067784,68.4536047726583,68.8563247431362,68.6077643908969,68.6686686686686,69.5710009976721,70.0529450694904,69.7014679201715,69.4065428242643,69.2686126598884,69.6235679214402,70.2450980392156,70.7360861759425,71.3332248087253,72.1465629053177,72.9075955491049,73.0479397146063,71.4604948124501,68.2056997293424,64.1698473282442,63.3270022158911,64.1503474415666,63.5617303441742,62.9009322167799,63.808621506395,65.0410353535353,66.7911153119092,67.707026348808,67.5729215411012,66.9747169225996,66.1750427666558,66.5024404424927,67.0509111289516,66.7787212838607,66.7992359821031,64.71,64.43,65.399,65.46,65.739,66.234,66.648,67.054,67.829,68.325,68.332,67.193,67.095,68.83,69.447
nan,nan,nan,nan,nan,nan,nan,nan,nan,nan,nan,nan,nan,nan,nan,nan,nan,nan,nan,nan,nan,nan,nan,nan,nan,nan,nan,nan,nan,nan,nan,51.236,50.798,50.8,49.995,49.19,49.367,49.543,49.72,50.305,50.89,49.956,49.023,48.09,47.329,46.569,45.81,44.25,43.594,42.94,42.7,43.4,39.2,37.78,37.926,38.052,38.147,38.221,38.278,38.328,36.679,36.98,38.328,38.657
nan,nan,nan,nan,nan,nan,nan,nan,nan,nan,nan,nan,nan,nan,nan,nan,nan,nan,nan,nan,nan,nan,nan,nan,nan,nan,nan,nan,nan,nan,nan,72.177,72.247,72.3,71.853,71.402,70.946,70.486,70.022,69.554,69.082,68.605,68.125,67.641,67.153,66.661,66.166,65.667,65.165,64.659,64.15,63.637,63.122,62.604,62.082,61.558,61.031,60.502,59.97,59.876,59.307,59.193,60.22,60.337
nan,nan,nan,nan,nan,nan,nan,nan,nan,nan,nan,nan,nan,nan,nan,nan,nan,nan,nan,nan,nan,nan,nan,nan,nan,nan,nan,nan,nan,nan,nan,59.67,59.632,59.571,59.498,59.421,59.261,59.105,58.955,58.807,58.66,58.627,58.587,58.545,58.511,58.487,58.498,58.506,58.51,58.507,58.491,58.477,58.446,58.398,58.333,58.253,58.168,58.07,57.959,57.835,57.286,57.595,57.869,57.934
nan,nan,nan,nan,nan,nan,nan,nan,nan,nan,nan,nan,nan,nan,nan,nan,nan,nan,nan,nan,nan,nan,nan,nan,nan,nan,nan,nan,nan,nan,nan,74.904,74.719,74.533,74.36,74.515,74.67,74.78,73.6,72.58,72.66,73.17,73.075,72.98,73.39,73.68,72.95,73.58,73.4,72.75,71.59,73.28,73.0,70.27,69.83,69.24,68.25,67.5,67.8,66.96,67.02,66.94,67.538,67.051
nan,nan,nan,nan,nan,nan,nan,nan,nan,nan,nan,nan,nan,nan,nan,nan,nan,nan,nan,nan,nan,nan,nan,nan,nan,nan,nan,nan,nan,nan,nan,48.391,48.219,48.34,48.41,48.483,48.557,48.63,48.238,47.846,47.454,47.062,46.671,46.28,45.89,45.5,45.64,45.86,46.17,46.51,46.89,47.19,47.78,47.42,47.245,47.07,47.17,46.98,46.893,46.887,44.788,44.925,46.946,47.371
nan,nan,nan,nan,nan,nan,nan,nan,nan,nan,nan,nan,nan,nan,nan,nan,nan,nan,nan,nan,nan,nan,nan,nan,nan,nan,nan,nan,52.6122388502,53.1005041233208,52.077013818672,52.3255498603314,51.2410834144929,47.4975617268107,49.9737781884474,50.0048562548562,50.1739686146417,48.9689888470686,49.1727422522176,48.6683289569496,46.7041765851547,45.6463652557468,44.4421315570358,43.2353963483203,41.2893048690714,41.4946854708631,41.5280432749013,41.4838077330826,41.7451250738625,41.166,43.002,44.986,45.359,45.898,45.507,46.014,46.328,47.065,47.382,45.681,42.846,45.204,47.546,48.348
nan,nan,nan,nan,nan,nan,nan,nan,nan,nan,nan,nan,nan,nan,nan,nan,nan,nan,58.758,58.736,58.265,57.822,57.934,59.255,59.723,59.487,60.365,60.929,60.212,60.122,59.242,59.11,59.339,58.819,58.964,58.707,58.436,58.33,58.038,57.934,57.676,57.235,57.339,57.344,57.658,57.78,57.921,58.248,58.277,57.903,58.074,58.171,58.35,58.435,58.541,58.653,58.742,58.831,58.996,59.174,59.137,nan,nan,nan
nan,nan,nan,nan,nan,nan,nan,nan,nan,nan,nan,nan,nan,nan,nan,nan,nan,nan,nan,nan,nan,nan,nan,nan,nan,nan,nan,nan,nan,nan,nan,86.614,86.607,86.593,86.571,86.539,86.534,86.518,86.494,86.468,86.448,86.44,86.842,87.234,87.616,87.988,88.35,87.865,87.364,86.844,86.307,85.751,85.176,84.583,83.97,83.51,83.039,82.565,82.087,81.603,80.39,80.164,81.123,81.387
nan,nan,nan,nan,nan,nan,nan,nan,nan,nan,nan,nan,nan,nan,nan,nan,nan,nan,nan,nan,nan,nan,nan,nan,nan,nan,nan,nan,nan,nan,nan,69.33,69.369,69.408,69.446,69.485,69.524,69.563,69.601,69.64,69.679,69.717,69.756,69.794,69.833,69.871,69.91,69.948,69.987,70.025,70.063,70.102,70.14,70.162,70.184,70.206,70.228,70.25,70.123,69.983,69.318,69.799,69.921,69.935
nan,nan,nan,nan,nan,nan,nan,nan,nan,nan,nan,nan,nan,nan,nan,nan,nan,nan,nan,nan,nan,nan,nan,nan,nan,nan,nan,nan,nan,nan,nan,57.52,57.6,56.59,58.11,59.19,60.31,60.661,61.01,59.79,60.16,61.55,59.97,59.11,59.48,59.51,61.98,63.82,64.01,64.74,64.28,66.02,65.22,64.84,65.87,64.93,64.61,64.11,63.68,63.7,61.25,62.98,63.22,63.821
60.0635308052619,59.4515198579986,59.9082754197453,55.6240187454142,55.9279531074104,56.3877089508908,57.1775625018803,57.2296438883541,57.5054535538992,57.9909627567313,57.3949389803555,56.6051865799383,57.0022064027309,57.8251086018069,57.8161325348556,56.052731237839,56.8395773294908,57.8604844186221,59.3244520205295,59.9462577565342,59.1942204180898,59.0134544962939,57.7734177729533,57.878725260596,59.5329481866166,60.1267065827941,60.688417835072,61.5244452956143,62.2758123838774,62.9538821408644,62.8002008828271,61.6571952337305,61.4563937657218,61.7239025441779,62.52642061621,62.8942915844176,63.1663958044607,63.7798880536397,64.0600712395784,64.255149143454,64.3964304699003,63.6622298261682,62.7315346784942,62.2757956513286,62.3435814093007,62.6880393483809,63.1193895478423,62.9862680490624,62.1764162403545,59.32,58.472,58.371,58.561,58.584,59.007,59.343,59.73,60.114,60.422,60.785,56.772,58.359,59.964,60.327
nan,nan,nan,nan,nan,nan,nan,nan,nan,nan,nan,nan,nan,nan,nan,nan,nan,nan,nan,nan,nan,nan,nan,nan,nan,nan,nan,nan,nan,nan,nan,64.374,64.463,64.416,64.296,64.345,64.282,64.396,64.352,64.108,64.165,64.212,63.815,63.373,64.015,64.28,64.86,64.42,64.29,64.04,63.85,63.63,63.11,62.631,62.15,61.666,61.18,60.492,59.297,55.67,51.031,51.35,53.511,54.659
nan,nan,nan,nan,nan,nan,nan,nan,nan,nan,nan,nan,nan,nan,nan,nan,nan,nan,nan,nan,nan,nan,nan,nan,nan,nan,nan,nan,nan,nan,nan,77.172,76.91,76.669,76.397,76.096,75.8,74.3,73.7,73.5,72.3,73.0,72.5,72.0,71.41,72.412,73.392,74.35,75.097,75.83,76.17,76.27,76.19,77.02,77.04,77.2,76.56,76.13,75.61,75.63,73.28,72.9,73.08,73.002
nan,nan,nan,nan,nan,nan,nan,nan,nan,nan,nan,nan,nan,nan,nan,nan,nan,nan,nan,nan,nan,nan,nan,nan,nan,nan,nan,nan,nan,nan,nan,44.238,44.187,44.21,44.198,44.557,44.918,45.272,45.621,45.989,45.166,44.38,43.632,42.927,42.273,41.68,41.139,40.64,40.181,39.758,39.371,38.546,37.812,37.156,36.564,31.724,31.968,32.19,32.368,32.523,32.305,31.944,32.682,32.791
nan,nan,nan,nan,nan,nan,nan,nan,nan,nan,nan,nan,nan,nan,nan,nan,nan,nan,nan,nan,nan,nan,nan,nan,nan,nan,nan,nan,nan,nan,nan,nan,nan,nan,nan,nan,nan,nan,nan,nan,nan,44.080183164508,42.8341442914667,41.5110187927289,41.5927606091603,43.3759197278288,44.8955850878569,44.4303952319217,43.2782445021269,41.268,39.36,39.317,39.528,40.046,40.051,40.866,40.203,40.45,40.319,39.541,35.778,34.342,35.703,37.37
nan,nan,nan,nan,nan,nan,nan,nan,nan,nan,nan,nan,nan,nan,nan,nan,nan,nan,nan,nan,nan,nan,nan,nan,nan,nan,nan,nan,nan,nan,nan,59.316,59.294,59.254,59.208,59.161,59.143,59.116,59.084,59.048,59.01,59.065,59.114,59.159,59.197,59.227,59.277,59.306,59.319,59.325,59.325,59.267,59.206,59.136,59.046,58.929,58.805,58.651,58.48,59.54,60.87,60.12,59.682,59.564
nan,nan,nan,nan,nan,nan,nan,nan,nan,nan,nan,nan,nan,nan,nan,nan,nan,nan,nan,nan,nan,nan,nan,nan,nan,nan,nan,nan,nan,nan,nan,66.918,66.791,66.622,66.444,66.271,66.16,66.071,65.987,65.885,65.758,65.699,65.633,65.568,65.525,65.514,65.469,65.461,65.486,65.535,65.604,65.662,65.736,65.814,65.881,65.924,65.961,65.939,65.872,65.79,65.086,65.4,65.752,65.918
